"Search_Category","Tweeter_Hashtag","Tweeter_Handle","Tweet_Message","Tweet_Datetime","Tweet_Location","Tweet_RetweetCount","Tweet_FavoriteCount"
"Sundevils vs Wildcats","#Sundevils","EShahan","This blue tone had me worried for a second. #SunDevils https://t.co/UEwPHqo0pw","2015-11-21 19:40:00","","0","0"
"Sundevils vs Wildcats","#Sundevils","d_brown2679","Tailgating here at the #DuelintheDesert #sundevils #maroonandgold… https://t.co/2xbURLOHBJ","2015-11-21 19:32:16","{u'type': u'Point', u'coordinates': [-111.9400101, 33.4219208]}","0","0"
"Sundevils vs Wildcats","#Sundevils","DanielJayL","What do you do when you can't join your friends at the ASU vs UofA game? Represent at work. #sundevils #NoPityForTheKitty","2015-11-21 19:15:50","","0","0"
"Sundevils vs Wildcats","#Sundevils","jleeadvertising","#ASU #GAMEDAY #SUNDEVILS @ Arizona State University Stadium https://t.co/44TUkXocaY","2015-11-21 19:08:10","{u'type': u'Point', u'coordinates': [-111.92851767, 33.42735688]}","0","0"
"Sundevils vs Wildcats","#Sundevils","holidayhqteam","#ArizonaState #NCAA Arizona State Sun Devils Stadium Photovision License Plate https://t.co/ZP2kDgcBuE #Sundevils #Pac12","2015-11-21 19:02:49","","0","0"
"Sundevils vs Wildcats","#Sundevils","TheSportsKave","Who will Win the Territorial Cup? https://t.co/MoaFvwSJ0Q
Click on the link and vote on the poll.. 
#SunDevils #UofA","2015-11-21 18:52:20","","0","0"
"Sundevils vs Wildcats","#Sundevils","plronsports","Who will Win the Territorial Cup? https://t.co/Vw0HlHda5K
Click on the link and vote on the poll.. 
#SunDevils #UofA","2015-11-21 18:52:20","","0","0"
"Sundevils vs Wildcats","#Sundevils","JimHeathTV","Let's Go #Buckeyes #NationalChampions #Destiny #SunDevils","2015-11-21 18:43:16","","1","2"
"Sundevils vs Wildcats","#Sundevils","redlion1987","Good morning to the collegiate  football pride of the State of Arizona #ForksUp #SunDevils","2015-11-21 18:24:44","","0","0"
"Sundevils vs Wildcats","#Sundevils","SeanFlanigan87","For the second time this season, Arizona is the enemy. If UTSA can't perhaps ASU can. #NoPityForTheKitty  @FootballASU #SunDevils","2015-11-21 18:24:09","","0","0"
"Sundevils vs Wildcats","#Sundevils","redlion1987","Good morning to all those with a winning bowl record #ForksUp #SunDevils","2015-11-21 18:22:48","","0","0"
"Sundevils vs Wildcats","#Sundevils","redlion1987","Good morning to all those who have 17 conference titles in history. #ForksUp #SunDevils","2015-11-21 18:21:23","","0","0"
"Sundevils vs Wildcats","#Sundevils","famishadnetwork","Go Devils ASU fans #sundevils #customhomes #arizona #arizonastateuniversity #football… https://t.co/0moA5RSfMO","2015-11-21 18:16:34","","0","0"
"Sundevils vs Wildcats","#Sundevils","SICILIANJUJITSV","Let's get the #TerritorialCup back #SunDevils #ASU","2015-11-21 18:05:20","","0","0"
"Sundevils vs Wildcats","#Sundevils","ArtTinHD","Game Day! #GoDevils #ASU #forksup #fearthefork #sundevils #territorialcup #nopityforthekitty… https://t.co/njIf2xmVNK","2015-11-21 18:04:57","","0","0"
"Sundevils vs Wildcats","#Sundevils","LaurieWJN","Ready for some football #forksup #football #sundevils #duelinthedesert #territorialcup… https://t.co/sHHjxQooGh","2015-11-21 17:59:00","","0","0"
"Sundevils vs Wildcats","#Sundevils","getitupforme","Go Devils ASU fans #sundevils #customhomes #arizona #arizonastateuniversity #football… https://t.co/XTZT9Wit0d","2015-11-21 17:57:47","","0","0"
"Sundevils vs Wildcats","#Sundevils","scarymom76","The boys. #forksup #asuvsuofa #uofavsasu #sundevils @ Kajikawa Football Practice Fields https://t.co/Iil0yLp487","2015-11-21 17:42:03","{u'type': u'Point', u'coordinates': [-111.92550863, 33.42566305]}","0","0"
"Sundevils vs Wildcats","#Sundevils","getitupforme","Go Devils ASU fans #sundevils #customhomes #arizona #arizonastateuniversity #football #chandleraz #asufootball https://t.co/Q6FcXSMcIZ","2015-11-21 17:36:11","","0","0"
"Sundevils vs Wildcats","#Sundevils","TheRattleInn","Get your #gameday on today at #TheRattleInn, with our #ASU #SunDevils and #Alabama #RollTide watch parties. See you later!","2015-11-21 17:31:46","","0","0"
"Sundevils vs Wildcats","#Sundevils","LosOne5DUBprod","Go Sun Devils!! #ASU #SunDevils #MiniFootballHelmet #Forkem https://t.co/1uL4m99gZh","2015-11-21 17:30:37","","0","0"
"Sundevils vs Wildcats","#Sundevils","ThePacManGB","If you're a UofA fan other than @kevininzunza31 , like this tweet so I can mute your ass! #ASU #ForksUp #SunDevils","2015-11-21 17:09:57","","2","2"
"Sundevils vs Wildcats","#Sundevils","scienceesl","Rooting on the #sundevils from Goodyear today. #territorialcup #forksup #alumni @ Goodyear, Arizona https://t.co/6yCqr8XyXx","2015-11-21 16:45:50","","0","0"
"Sundevils vs Wildcats","#Sundevils","BourbonAndBloom","It's Gameday! Let's go #SunDevils! Beat Arizona! #RivalryGame #TerritorialCup #ClaimTheCup #ASUFootball https://t.co/INnLLkgvmx","2015-11-21 16:26:32","","0","1"
"Sundevils vs Wildcats","#Sundevils","JEsparzaShow","Wooooo poo beat that kitty up #godevils #beatuofa #sundevils #territorialcup zakee04 https://t.co/JzJ8ZAHvrg","2015-11-21 15:36:18","","0","0"
"Sundevils vs Wildcats","#Sundevils","gtea","Rooting for my #sundevils to win the territorial cup today against the #wildcats! #nails ready for… https://t.co/Q7kbQcveqA","2015-11-21 15:22:48","{u'type': u'Point', u'coordinates': [-111.93259851, 33.4261138]}","0","0"
"Sundevils vs Wildcats","#Sundevils","JBrough86","Today my #ASU #Sundevils will have #nopittyforthekitty and… https://t.co/Hu94ziyH3x","2015-11-21 15:21:58","{u'type': u'Point', u'coordinates': [-111.69902425, 33.32575048]}","0","0"
"Sundevils vs Wildcats","#Sundevils","JessicaxHavens","i agree with @dougducey's politics. but i like him more now that he's a #SunDevils fan. @asu","2015-11-21 15:21:30","","0","1"
"Sundevils vs Wildcats","#Sundevils","VeloCognoscenti","#TerritorialCup today! Let's go #SunDevils! #ASU #UofA #CollegeFootball","2015-11-21 15:19:22","","0","0"
"Sundevils vs Wildcats","#Sundevils","MJDIXON87","Wake up #sundevils","2015-11-21 15:16:27","","0","0"
"Sundevils vs Wildcats","#Sundevils","ArtTinHD","Game Day Devils #ASU #forksup #fearthefork #sundevils #sundevilfootball #maroonandgold #arizonastate… https://t.co/vWCRhk1vVo","2015-11-21 15:03:18","","0","0"
"Sundevils vs Wildcats","#Sundevils","amanda2080","Game day! #SunDevils #forksup #fearthefork #nopittyforthekitty #TerritorialCup @FootballASU  @CollegeGameDay @ESPN_Pac12blog @Pac12Networks","2015-11-21 14:56:45","","0","0"
"Sundevils vs Wildcats","#Sundevils","SamanthaAmado","Today is the biggest game of our season #GoDevils #ASUvsUA #ClaimTheCup #SunDevils #NoPityForTheKitty","2015-11-21 14:47:24","","0","0"
"Sundevils vs Wildcats","#Sundevils","ArtTinHD","Sparky wants You, Wilbur! #ASU #forksup #sundevils #sundevilfootball #maroonandgold #embracethegrind… https://t.co/MHq32Zm6LI","2015-11-21 14:43:31","","0","0"
"Sundevils vs Wildcats","#Sundevils","ArtTinHD","Forks Up Devils! #ASU #sundevils #sundevilfootball #maroonandgold #arizonastate #territorialcup https://t.co/dGmjkMJN2j","2015-11-21 14:39:23","","0","0"
"Sundevils vs Wildcats","#Sundevils","ArtTinHD","No Pity For The Kitty! #ASU #forksup #sundevils #sundevilfootball #maroonandgold #territorialcup https://t.co/OSP6R4ODOp","2015-11-21 14:36:52","","0","0"
"Sundevils vs Wildcats","#Sundevils","ArtTinHD","Game Day! Let's Go Devils! #ASU #forksup #sundevils #sundevilfootball #maroonandgold #arizonastate… https://t.co/xoIxo15b6b","2015-11-21 14:28:25","","0","0"
"Sundevils vs Wildcats","#Sundevils","holidayhqteam","#ArizonaState #NCAA Arizona State Sun Devils Football Team Ball Ornament https://t.co/E98ArsnY43 #Sundevils #Pac12","2015-11-21 13:13:32","","0","0"
"Sundevils vs Wildcats","#Sundevils","cx3djc13","Night World! #NoPityForTheKitty #Hate #SunDevils #ForksUp #FearTheFork #SunDevilsNation #ArizonaState… https://t.co/pVxnwnSWN2","2015-11-21 09:28:17","","0","0"
"Sundevils vs Wildcats","#Sundevils","XoxoMeKay","When you have to be up in 5 hours to get ready to see the #SunDevils show #NoPityForTheKitty!! #ASUvsUA","2015-11-21 08:38:19","","1","6"
"Sundevils vs Wildcats","#Sundevils","BR_ASUSunDevils","[Yahoo] Title hopes on line for some, rivalries on tap for others (The Associated Press): For many,... https://t.co/hPMkl8YvTJ #SunDevils","2015-11-21 08:02:46","","0","0"
"Sundevils vs Wildcats","#Sundevils","holidayhqteam","#ArizonaState #NCAA Arizona State Sun Devils Pet ID Tag https://t.co/el3pI54MNw #Sundevils #Pac12","2015-11-21 06:51:45","","0","0"
"Sundevils vs Wildcats","#Sundevils","EarnestHarris","Gotta rest up for tomorrow and all the football I'm watching. But especially my #SunDevils","2015-11-21 05:35:04","","0","3"
"Sundevils vs Wildcats","#Sundevils","aiteefore","@Deorro can you give a Shout out to ASU beating the shit out of U of A tomorrow. Since you're in AZ and all. #SunDevils","2015-11-21 05:06:09","","0","0"
"Sundevils vs Wildcats","#Sundevils","SethSunDevil","Watching at Taco Mac Lindburg Station. Join us @TMacLindbergh with fellow #SunDevils @GAsundevils @ASUathletics  https://t.co/iAO0kJL1nU","2015-11-21 04:09:40","","0","0"
"Sundevils vs Wildcats","#Sundevils","MOBFAM","U Just Had To ....
GO #ASU #ArizonaState #SUNDEVILS https://t.co/1LNPkdmtMP","2015-11-21 04:06:44","","0","0"
"Sundevils vs Wildcats","#Sundevils","ashewx","#IfYouDontHearFromMeIn5Days I literally can't speak after cheering the #SunDevils beat UofA #NoPityForTheKitty","2015-11-21 03:27:16","","0","0"
"Sundevils vs Wildcats","#Sundevils","JerryG1247","Nicely done #ASU #SunDevils  https://t.co/2J8I6szQOJ","2015-11-21 02:26:27","","0","0"
"Sundevils vs Wildcats","#Sundevils","famishadnetwork","Big game tomorrow! #fearthefork #feartheforknation #sundevil #sundevils #sundevilnation… https://t.co/LHNCVPRaoK","2015-11-21 02:23:52","","0","0"
"Sundevils vs Wildcats","#Sundevils","getitupforme","Big game tomorrow! #fearthefork #feartheforknation #sundevil #sundevils #sundevilnation… https://t.co/rc0x53Zk3L","2015-11-21 02:23:48","","0","0"
"Sundevils vs Wildcats","#Sundevils","MLCOV","Week 12 picks...Arizona @ Arizona State #pac12 #wildcats #beardown #sundevils #asusundevils https://t.co/oPhrGOF0Rs","2015-11-21 02:16:02","","0","0"
"Sundevils vs Wildcats","#Sundevils","LuckyMark489","Heading to #azvsasu #sundevils (@ Bob Hope Airport (BUR) in Burbank, CA) https://t.co/roF9Q9wcyY","2015-11-21 01:39:18","","0","0"
"Sundevils vs Wildcats","#Sundevils","MaggsInPhx","@abc15 @ShaneDaleABC15 @DanSpindle @IrisABC15 #SunDevils #ForksUp - BTW that school down south straight copied the KSU hand sign..weak sauce","2015-11-21 01:32:38","","0","1"
"Sundevils vs Wildcats","#Sundevils","JediASU","That's a beauty! Do it, #SunDevils!  https://t.co/7LjE02nI1N","2015-11-21 01:02:00","","0","2"
"Sundevils vs Wildcats","#Sundevils","BR_ASUSunDevils","[ESPN] Mailbag: CFP and scheduling gripes; a defense of Sonny Dykes: 
Happy Friday. Welcome to the ... https://t.co/8R1gtjsc3U #SunDevils","2015-11-21 00:57:58","","0","0"
"Sundevils vs Wildcats","#Sundevils","DeckParkTunnel","Go Sun Devils.. #ASU #SunDevils #Forkem","2015-11-21 00:53:45","","0","0"
"Sundevils vs Wildcats","#Sundevils","NotSamMcG","Guy in sweatpants and #ASU sweater must be here to watch all the #Sundevils in the #NBA, because there are so many. #ASUcks","2015-11-20 23:58:02","","0","0"
"Sundevils vs Wildcats","#Sundevils","SparkysFamily","Here's another great cultural opportunity for #SunDevils, starting at 6 tonight! https://t.co/jQzxraF7JO","2015-11-20 23:38:59","","2","3"
"Sundevils vs Wildcats","#Sundevils","Melifecent96","No Pitty for the Kitty!!! #sundevils #ASU #forkemdevils #rilvaryweek @ Arizona State University West… https://t.co/HVxGMPK8Xa","2015-11-20 23:36:19","","0","0"
"Sundevils vs Wildcats","#Sundevils","ThatSoEric","I am so excited for the @ASU and @UofA game tomorrow!!!!!! #GoDevils #ForkEm #SunDevils","2015-11-20 23:28:33","","0","1"
"Sundevils vs Wildcats","#Sundevils","pitchforkawards","THANKS @saa_asu @942Crew @USG_ASU @UDEVL @ASUMedallion @ASUPAB @DevilsAdvos &amp; #SunDevils for your efforts this week! https://t.co/mnd3PIWp4b","2015-11-20 23:27:32","","2","4"
"Sundevils vs Wildcats","#Sundevils","ZeroWasteASU",".@ASU #SunDevils: #ClaimTheCup &amp; divert landfill waste! https://t.co/ojTORWwyCs @FootballASU @ZeroWasteASU  https://t.co/VpkfFInakC","2015-11-20 22:46:27","","0","0"
"Sundevils vs Wildcats","#Sundevils","holidayhqteam","#ArizonaState #NCAA ASU Drawstring Bag Backpack MESH &amp; MICROFIBER Draw String BAGS Backpack https://t.co/lwwSNUIKrO #Sundevils #Pac12","2015-11-20 22:34:00","","0","1"
"Sundevils vs Wildcats","#Sundevils","BR_ASUSunDevils","[Yahoo] Arizona-Arizona St. Preview (The Associated Press): Win the Territorial Cup on Saturday and... https://t.co/0fxabimD4l #SunDevils","2015-11-20 22:19:58","","0","0"
"Sundevils vs Wildcats","#Sundevils","escontrias","LGBT Devils' Pride Chapter Duel in the Desert Game Watching Party. Info &amp; Tickets at https://t.co/Qvj7syNGHB. #NoPityForTheKitty #SunDevils","2015-11-20 20:13:26","","0","0"
"Sundevils vs Wildcats","#Sundevils","sdlogg","Get at it #SunDevils. #NoPityForTheKitty @ForkEm #ReclaimTheCup  https://t.co/u1jlz1CvI9","2015-11-20 20:07:26","","0","0"
"Sundevils vs Wildcats","#Sundevils","RecruitScoopz","For the #SunDevils want to keep off and Motor will be 1st is 4 5 talking #Bama #LSU","2015-11-20 20:07:07","","0","0"
"Sundevils vs Wildcats","#Sundevils","TheAgencyG","Agency G is an equal opportunity employer... We have a team #SunDevils and #Wildcats that has proven to work... https://t.co/JsmNDXyxs2","2015-11-20 19:50:24","","0","0"
"Sundevils vs Wildcats","#Sundevils","BR_ASUSunDevils","[ESPN] Five things to watch: Arizona at Arizona State: 
Here are five things to keep an eye on in t... https://t.co/FzbBKst8cc #SunDevils","2015-11-20 18:29:24","","0","0"
"Sundevils vs Wildcats","#Sundevils","SparkysFamily","It's a great event for #ASU #SunDevils staying on campus. Read more here! https://t.co/vLgxRtfwkC  https://t.co/wPPRyzKEIG","2015-11-20 18:19:14","","0","0"
"Sundevils vs Wildcats","#Sundevils","_Mickey15","Downloaded Adele's new album@&amp; several old episodes of DALLAS. Ready for takeoff! #ValleyOfTheSun for a week!
#FeartheFork #Sundevils","2015-11-20 17:40:18","","0","0"
"Sundevils vs Wildcats","#Sundevils","j_lew16","This is epic! Haha https://t.co/kfEM1V3b7B #NoPityForTheKitty #ForksUp #SunDevils","2015-11-20 17:38:04","","0","0"
"Sundevils vs Wildcats","#Sundevils","alemayrarivera2",".@Mayhem said I have to tweet this for my vote to count in #MayhemTweetOff. Go ASU! #DeflateArizona https://t.co/cDDEy1f4Dn #SunDevils","2015-11-20 17:33:26","","0","0"
"Sundevils vs Wildcats","#Sundevils","Dirtysouthdeli","@KoriHill we might have been going for @ASU #sundevils #sparky","2015-11-20 16:23:54","","0","0"
"Sundevils vs Wildcats","#Sundevils","JamesBogner3","I hope you'll join me in supporting this important cause #asu #asufootball #sundevils #causes… https://t.co/hnbDorCkZx","2015-11-20 16:23:49","","0","0"
"Sundevils vs Wildcats","#Sundevils","MJDIXON87","Good morning #sundevils...lets do this Friday thing and rest up for tomorrow! #TerritorialCup #NoPityForTheKitty","2015-11-20 14:53:12","","0","0"
"Sundevils vs Wildcats","#Sundevils","amanda2080","This is what we like to see! ""A"" Mountain still gold! #SunDevils #FearTheFork #NoPittyForTheKitty  https://t.co/OBkLGc7Z57","2015-11-20 14:31:48","","0","0"
"Sundevils vs Wildcats","#Sundevils","averyjacks7","T-minus 1 day until the beat down begins #asuvsuofa #SunDevils","2015-11-20 14:13:28","","0","1"
"Sundevils vs Wildcats","#Sundevils","holidayhqteam","#ArizonaState #NCAA Arizona State Sun Devils Small Tempered Glass Cutting Board https://t.co/Mqll6MTRmo #Sundevils #Pac12","2015-11-20 14:03:46","","0","0"
"Sundevils vs Wildcats","#Sundevils","MCSalma","Hey that's me! Go @ASU !!! #naeycAC #sundevils  https://t.co/rH1KNj5qCk","2015-11-20 13:18:08","","0","0"
"Sundevils vs Wildcats","#Sundevils","GinaMaravillaTV","Fire up #SunDevils!!!  https://t.co/WqzqiA2JnH","2015-11-20 12:47:37","","1","1"
"Sundevils vs Wildcats","#Sundevils","AYBegay","LOL! Go ASU #SunDevils  https://t.co/sJf8tQcybT","2015-11-20 12:45:16","","1","1"
"Sundevils vs Wildcats","#Sundevils","holidayhqteam","#ArizonaState #NCAA Arizona State Sun Devils Infant Bootie Slipper - Maroon/White https://t.co/II0nSYOkDu #Sundevils #Pac12","2015-11-20 06:05:16","","0","0"
"Sundevils vs Wildcats","#Sundevils","JanaBananaSays","So tomorrow night I said I'll be bringing hot chocolate and donuts to the #SunDevils who will be on ""A"" Mountain.","2015-11-20 05:00:47","","0","1"
"Sundevils vs Wildcats","#Sundevils","SteveVoeller","Yes on #prop200 #SunDevils","2015-11-20 01:49:06","","0","3"
"Sundevils vs Wildcats","#Sundevils","TeamBarFinder","Just Added: WorldofBeer - Easton The Columbus location for #ASU #SunDevils fans to gather &amp; watch the game... https://t.co/Tdt2K3jJZ3","2015-11-20 01:39:27","","0","0"
"Sundevils vs Wildcats","#Sundevils","ASUStudyAbroad","#SunDevils--get after these scholarships for your #studyabroad!  https://t.co/bMoXizc4h3","2015-11-20 00:56:51","","1","2"
"Sundevils vs Wildcats","#Sundevils","EdgeTwin02","it' Rivalry week #SunDevils #ForksUp","2015-11-19 22:59:38","","0","0"
"Sundevils vs Wildcats","#Sundevils","TeamBarFinder","Just Added: @cubbybear The home to #ASU #SunDevils in the windy City. #forksup https://t.co/nu1kjOEEes","2015-11-19 22:36:00","","0","0"
"Sundevils vs Wildcats","#Sundevils","BR_ASUSunDevils","[ESPN] No regrets after position change for Arizona State's D.J. Foster: 
This season hasn't been q... https://t.co/JBD98ON15A #SunDevils","2015-11-19 20:51:43","","0","0"
"Sundevils vs Wildcats","#Sundevils","BR_ASUSunDevils","[ESPN] 10 things to watch in the Pac-12: Stanford tries to clinch the North ... again: 
Here are 10... https://t.co/J6puWfd9YF #SunDevils","2015-11-19 20:51:42","","1","0"
"Sundevils vs Wildcats","#Sundevils","KaddySchak","Had fun practicing on the anchor desk today! #broadcast #asu #sundevils #cronkite #gradschool https://t.co/5zNJYsS4Sg","2015-11-19 20:25:15","","0","0"
"Sundevils vs Wildcats","#Sundevils","blastedbarley","UofA, trying to unwrap the mysteries of hats since 1885.
#ASU #SunDevils #TerritorialCup #NoPityForTheKitty https://t.co/OTw8BUtoWJ","2015-11-19 20:20:53","","0","0"
"Sundevils vs Wildcats","#Sundevils","NikKay1525","https://t.co/3GQNZmd2ZM  Best College Football Into... Period! #RivalryWeek #BeatUofA #NoPityForTheKitty #SunDevils @CollegeGameDay @espn","2015-11-19 20:15:07","","0","0"
"Sundevils vs Wildcats","#Sundevils","sooorosie","So excited for Flagstaff this weekend, but sad I won't be watching the ASU vs. UofA game. #forkem #NoPityForTheKitty #ASU #SunDevils","2015-11-19 19:44:13","","0","0"
"Sundevils vs Wildcats","#Sundevils","TeamBarFinder","Just Added: Cubby Bear Wrigley Thew home to #ASU #SunDevils in the windy City. #forksup https://t.co/V03vmU3tha","2015-11-19 18:19:21","","0","0"
"Sundevils vs Wildcats","#Sundevils","holidayhqteam","#ArizonaState #NCAA Arizona State Sun Devils Waterless Fingernail &amp; Face Tattoos https://t.co/UUXGpCFLS8 #Sundevils #Pac12","2015-11-19 18:01:18","","1","0"
"Sundevils vs Wildcats","#Sundevils","kurt_busness","The documentary Ivory Tower just shits on Arizona State so bad and it's hilarious. #SunDevils #ASU #IvyLeagueofPartying","2015-11-19 17:55:54","","0","0"
"Sundevils vs Wildcats","#Sundevils","SparkysFamily","Great work by all the #SunDevils! #FeartheFork https://t.co/qyTBThgqfY","2015-11-19 17:44:44","","0","2"
"Sundevils vs Wildcats","#Sundevils","ValidComplaints","@MikeBerco B4 U get flooded w/tweets, wanted 2 say just give us your best, true #SunDevils will never ask for more. #forksup","2015-11-19 16:58:15","","0","0"
"Sundevils vs Wildcats","#Sundevils","havie23","My first #SunDevils game four years ago. It started a major obsession. https://t.co/LcGlCnKTwM","2015-11-19 16:52:30","","0","0"
"Sundevils vs Wildcats","#Sundevils","AdSport","Beware: Peyton Manning's backup could make name for himself against Bears #HisNameIsBrock #SunDevils  https://t.co/lthLpdAwsA","2015-11-19 16:17:57","","0","0"
"Sundevils vs Wildcats","#Sundevils","TeamBarFinder","Just Added: @wobeaston The Columbus location for #ASU #SunDevils fans to gather &amp; watch the game together. #forksup https://t.co/YivtKVXOYF","2015-11-19 16:16:13","","0","0"
"Sundevils vs Wildcats","#Sundevils","chanapa_t","Come on @UofA, you make it too easy for us #SunDevils ! #prop200 https://t.co/ub5OvyC1sy via @HouseOfSparky","2015-11-19 16:10:59","","0","0"
"Sundevils vs Wildcats","#Sundevils","ASU_Orientation","#SunDevils, do you suffer from FMOOWMP? Here is your prescription for academic success! #ASU #FMOOWMP https://t.co/psgm06VY61","2015-11-19 16:10:10","","0","0"
"Sundevils vs Wildcats","#Sundevils","SparkysFamily","#SunDevils, do you suffer from FMOOWMP? Here is your prescription for academic success! #ASU #FMOOWMP https://t.co/nuhvF5eswG","2015-11-19 16:10:10","","0","2"
"Sundevils vs Wildcats","#Sundevils","ASU","#SunDevils, do you suffer from #FMOOWMP? Here is your prescription for academic success!
https://t.co/iG7M82WZbF","2015-11-19 16:01:55","","23","35"
"Sundevils vs Wildcats","#Sundevils","SunDevilSource","ICYMI: #SunDevils dominated Kennesaw State last night 91-53 ahead of trip to New York. Bobby Hurley video included: https://t.co/KBJeHBC1l9","2015-11-19 15:34:37","","1","1"
"Sundevils vs Wildcats","#Sundevils","ArizOhma","Go SUN DEVILS! #ASU #sundevils @asu #BeOn12 https://t.co/Ak6HvRUT1R","2015-11-19 15:18:34","","0","0"
"Sundevils vs Wildcats","#Sundevils","TixsUnlimited","Almost time! #Arizona vs #ASU football is Saturday night! Get your tix for the territorial cup now. 480-388-3888 

#SunDevils #Wildcats","2015-11-19 15:18:29","","0","0"
"Sundevils vs Wildcats","#Sundevils","holidayhqteam","#ArizonaState #NCAA Mens Arizona State Sun Devils Antigua Red Ice Quarter-Zip Fleece Jacket https://t.co/Y8ltPyC1oL #Sundevils #Pac12","2015-11-19 15:13:56","","0","0"
"Sundevils vs Wildcats","#Sundevils","SunDevilRuss","This. Is. AWESOME! https://t.co/83lNnstL8t #ASU #GoDevils #ForkEm #NoPityForTheKitty #SunDevils","2015-11-19 13:39:48","","0","0"
"Sundevils vs Wildcats","#Sundevils","holidayhqteam","#ArizonaState #NCAA Arizona State Sun Devils Small Memo Note Pad Pack https://t.co/MfkfcTEBea #Sundevils #Pac12","2015-11-19 12:05:45","","0","0"
"Sundevils vs Wildcats","#Sundevils","PHX_USA_Sports","#ASU #Sundevils looking far ahead NFL mock drafts have the first player taken in the 3rd round in Christian Westerman","2015-11-19 08:29:35","","0","0"
"Sundevils vs Wildcats","#Sundevils","holidayhqteam","#ArizonaState #NCAA Arizona State Sun Devils 12'' Art-Glass Wall Clock https://t.co/aa8Uom2xkQ #Sundevils #Pac12","2015-11-19 05:14:54","","1","1"
"Sundevils vs Wildcats","#Sundevils","PHX_USA_Sports","#Sundevils Savon Goodman only 9 pts sprained his right ankle had to leave game with 41/2 minutes left in the game. Coach Hurley says he's K","2015-11-19 05:13:12","","0","0"
"Sundevils vs Wildcats","#Sundevils","MarkieDawg808","gotta love #rivalryweek! good work devils :P https://t.co/VPjMZ4BFgj #sundevils #beatarizona","2015-11-19 05:11:26","","0","0"
"Sundevils vs Wildcats","#Sundevils","PHX_USA_Sports","#Sundevils Andre Spight missed all 10 shots only scoring two points overall","2015-11-19 05:10:51","","0","0"
"Sundevils vs Wildcats","#Sundevils","PHX_USA_Sports","#Sundevils had 11 turnovers in the first half only one in the 2nd half","2015-11-19 05:08:50","","0","0"
"Sundevils vs Wildcats","#Sundevils","PHX_USA_Sports","#Sundevils rbs 53 to 24","2015-11-19 05:05:51","","0","0"
"Sundevils vs Wildcats","#Sundevils","PHX_USA_Sports","#Sundevils shot 52.4 to 32.8 %vs  Kennesaw State","2015-11-19 05:04:13","","0","0"
"Sundevils vs Wildcats","#Sundevils","JediASU","Show my man Tony some love, #SunDevils!
All the best, my friend!! https://t.co/wECzkzJeAI","2015-11-19 05:03:11","","1","1"
"Sundevils vs Wildcats","#Sundevils","PHX_USA_Sports","#Sundevils Tra Holder making passes in transition offense 4 rbs 2 assists","2015-11-19 05:01:34","","0","0"
"Sundevils vs Wildcats","#Sundevils","PHX_USA_Sports","#Sundevils had 17 offensive rebounds and 20 pts","2015-11-19 04:57:27","","0","0"
"Sundevils vs Wildcats","#Sundevils","ericeglenn","@abc15sports #sundevils #imahater #BeatTheCats GO DEVILS","2015-11-19 03:58:16","","0","0"
"Sundevils vs Wildcats","#Sundevils","holidayhqteam","#ArizonaState #NCAA Arizona State Sun Devils 16oz. Full Color Freezer Mug https://t.co/7cfl5QjcCj #Sundevils #Pac12","2015-11-19 03:57:29","","0","0"
"Sundevils vs Wildcats","#Sundevils","ericeglenn","GO DEVILS #BeatTheCats #IMAHATER its gonna be GREAT #SunDevils","2015-11-19 03:55:50","","0","0"
"Sundevils vs Wildcats","#Sundevils","Cervantes7275","Good win devils! #Pac12Hoops #SunDevils #GoDevils","2015-11-19 03:54:52","","0","0"
"Sundevils vs Wildcats","#Sundevils","BR_ASUSunDevils","[Rivals] Arizona State rolls over Kennesaw State 91-53 (The Associated Press): TEMPE, Ariz. (AP) --... https://t.co/hdF9bt5SIp #SunDevils","2015-11-19 03:53:42","","0","0"
"Sundevils vs Wildcats","#Sundevils","KristyLMoran","Eyes on the next prize! 
My campaign starts now. 

#Qld #sundevils #runningback #6 #nationalchamps… https://t.co/vW8rjRI8nG","2015-11-19 03:03:22","","0","0"
"Sundevils vs Wildcats","#Sundevils","samelban","@bmckinney8 @Pluckers  it's the hat.  Go #sundevils #fearthefork #ArizonaState   #nopityforthekity","2015-11-19 02:39:23","","1","0"
"Sundevils vs Wildcats","#Sundevils","Cervantes7275","ASU needs to cut down on the turnovers in the 2nd half. #Pac12Hoops #SunDevils #fearthefork","2015-11-19 02:37:13","","0","0"
"Sundevils vs Wildcats","#Sundevils","rasjosh10","Go #SunDevils! @ Wells Fargo Arena https://t.co/8r5YXAMRnv","2015-11-19 02:31:08","{u'type': u'Point', u'coordinates': [-111.930948, 33.424524]}","0","1"
"Sundevils vs Wildcats","#Sundevils","SunDevilSource","Tra Holder up to 10 point with two at the FT line, Kennesaw State comes back with an And-1. 30-19 #SunDevils.","2015-11-19 02:08:47","","0","0"
"Sundevils vs Wildcats","#Sundevils","Cervantes7275","Go devils! Beat kenn st. No let downs tonite. Should be a game we should win. #Pac12Hoops #SunDevils","2015-11-19 01:39:19","","0","0"
"Sundevils vs Wildcats","#Sundevils","MeanStreetz","This is hilarious. Go #SunDevils #TerritorialCup   https://t.co/LZ63wdhudw","2015-11-19 00:55:52","","0","0"
"Sundevils vs Wildcats","#Sundevils","MarkMcClune","#AZCardinals Carson Palmer facing his old team, the #Bengals + the #Sundevils get ready for the #AZWildcats..https://t.co/POAcKYVsG3","2015-11-19 00:45:22","","0","1"
"Sundevils vs Wildcats","#Sundevils","BR_ASUSunDevils","[ESPN] Pac-12 depth charts: Major defensive changes for Oregon State: 
Here are the Pac-12 depth ch... https://t.co/LBFQcqaxTJ #SunDevils","2015-11-18 23:22:20","","0","0"
"Sundevils vs Wildcats","#Sundevils","asuovation","Let's go #SunDevils  https://t.co/6tVbQ3LPSr","2015-11-18 23:13:27","","0","1"
"Sundevils vs Wildcats","#Sundevils","holidayhqteam","#ArizonaState #NCAA Arizona State Sun Devils Women's Solidify Bikini Top - Maroon https://t.co/78dMjD594S #Sundevils #Pac12","2015-11-18 23:02:40","","0","0"
"Sundevils vs Wildcats","#Sundevils","pledgewin","@ASU_Alumni the @sundevilclub has partnered w/ @pledgewin to support the #SunDevils. https://t.co/277hqJBshH  #TerritorialCup","2015-11-18 22:07:35","","0","0"
"Sundevils vs Wildcats","#Sundevils","JenMcClel","ASU students prank UA with a fake proposition. #SunDevils #NoPityForTheKitty https://t.co/rKMkvoksCm via @azcentral","2015-11-18 21:46:03","","0","1"
"Sundevils vs Wildcats","#Sundevils","holidayhqteam","#ArizonaState #NCAA Mens Arizona State Sun Devils Swoop Logo Slide Slippers https://t.co/YjfmCVEbUd #Sundevils #Pac12","2015-11-18 21:43:34","","1","0"
"Sundevils vs Wildcats","#Sundevils","CIGmuzik","@callie_lynch I'm originally from Az. &amp; would love if I could get some #SunDevils to check out my latest dance track https://t.co/7x5v8OryxV","2015-11-18 21:40:27","","0","0"
"Sundevils vs Wildcats","#Sundevils","wearovation","go #SunDevils beat...who are these guys? #KENNESAWSTATE...you got this!  https://t.co/LsQ6DfNLNb","2015-11-18 21:28:36","","0","0"
"Sundevils vs Wildcats","#Sundevils","CIGmuzik","@tatumsmithhh I'm originally from Az. &amp; would love if I could get some #SunDevils to check out my latest dance track https://t.co/7x5v8OryxV","2015-11-18 20:29:28","","0","0"
"Sundevils vs Wildcats","#Sundevils","CIGmuzik","@Avebaybay33 I'm originally from Az. &amp; would love if I could get some #SunDevils to check out my latest dance track https://t.co/7x5v8OryxV","2015-11-18 20:29:11","","0","0"
"Sundevils vs Wildcats","#Sundevils","CIGmuzik","@taraazizi13 I'm originally from Az. &amp; would love if I could get some #SunDevils to check out my latest dance track https://t.co/7x5v8OryxV","2015-11-18 20:28:50","","0","0"
"Sundevils vs Wildcats","#Sundevils","CIGmuzik","@pattytwice I'm originally from Az. &amp; would love if I could get some #SunDevils to check out my latest dance track https://t.co/7x5v8OryxV","2015-11-18 20:26:52","","0","0"
"Sundevils vs Wildcats","#Sundevils","CIGmuzik","@radioshack12 I'm originally from Az. &amp; would love if I could get some #SunDevils to check out my latest dance track https://t.co/7x5v8OryxV","2015-11-18 20:26:26","","0","1"
"Sundevils vs Wildcats","#Sundevils","CIGmuzik","@miamiamiasimone I'm originally from Az. &amp; would love if I could get some #SunDevils to check out my dance track https://t.co/7x5v8OryxV","2015-11-18 20:26:11","","0","1"
"Sundevils vs Wildcats","#Sundevils","CIGmuzik","@ASUPhiTau I'm originally from Az. &amp; would love if I could get some #SunDevils to check out my latest dance track https://t.co/7x5v8OryxV","2015-11-18 20:25:43","","0","0"
"Sundevils vs Wildcats","#Sundevils","CIGmuzik","@MarissaHoneyman I'm originally from Az. &amp; would love if I could get some #SunDevils to check out my dance track https://t.co/7x5v8OryxV","2015-11-18 20:25:30","","0","1"
"Sundevils vs Wildcats","#Sundevils","CIGmuzik","@Mlansberry I'm originally from Az. &amp; would love if I could get some #SunDevils to check out my latest dance track https://t.co/7x5v8OryxV","2015-11-18 20:24:49","","0","0"
"Sundevils vs Wildcats","#Sundevils","CIGmuzik","@karisbrunner I'm originally from Az. &amp; would love if I could get some #SunDevils to check out my latest dance track https://t.co/7x5v8OryxV","2015-11-18 20:24:35","","0","0"
"Sundevils vs Wildcats","#Sundevils","CIGmuzik","@Ben_Cooper24 I'm originally from Az. &amp; would love if I could get some #SunDevils to check out my latest dance track https://t.co/7x5v8OryxV","2015-11-18 20:24:07","","0","0"
"Sundevils vs Wildcats","#Sundevils","CIGmuzik","@ellie_rollo I'm originally from Az. &amp; would love if I could get some #SunDevils to check out my latest dance track https://t.co/7x5v8OryxV","2015-11-18 20:23:41","","0","0"
"Sundevils vs Wildcats","#Sundevils","CIGmuzik","@ashleeperisho I'm originally from Az. &amp; would love if I could get some #SunDevils 2 check out my latest dance track https://t.co/7x5v8OryxV","2015-11-18 20:23:24","","0","0"
"Sundevils vs Wildcats","#Sundevils","CIGmuzik","@Sydneyedz I'm originally from Az. &amp; would love if I could get some #SunDevils to check out my latest dance track https://t.co/7x5v8OryxV","2015-11-18 20:23:05","","0","0"
"Sundevils vs Wildcats","#Sundevils","CIGmuzik","@Helll_EM I'm originally from Az. &amp; would love if I could get some #SunDevils to check out my latest dance track https://t.co/7x5v8OryxV","2015-11-18 20:22:40","","0","0"
"Sundevils vs Wildcats","#Sundevils","CIGmuzik","@KatelynLewis12 I'm originally from Az &amp; would love if I could get some #SunDevils 2 check out my latest dance track https://t.co/7x5v8OryxV","2015-11-18 20:21:58","","0","0"
"Sundevils vs Wildcats","#Sundevils","holidayhqteam","#ArizonaState #NCAA Arizona State Sun Devils WinCraft 2"" x 17"" Perfect-Cut Decal https://t.co/voAMt1hVgo #Sundevils #Pac12","2015-11-18 20:17:17","","0","0"
"Sundevils vs Wildcats","#Sundevils","ands55","@AthleticsKDS Where is the football game this weekend? And time? #sundevils","2015-11-18 20:11:16","","0","0"
"Sundevils vs Wildcats","#Sundevils","erniervoice","#ASU says this #UofA class wont paint the A. #Cats scaredAF of #sundevils. RT if ur #ArizonaWildcats painted the A. We did","2015-11-18 19:11:32","","0","0"
"Sundevils vs Wildcats","#Sundevils","erniervoice","#ArizonaWildcats  have you painted the A. #ASU #sundevils Do it. And make the lakes RED. #beardown RT #scumdevils 
 @PhillyWill11","2015-11-18 19:03:27","","0","0"
"Sundevils vs Wildcats","#Sundevils","erniervoice","@azdesertswarm #ArizonaWildcats  have you painted the A. #ASU #sundevils Do it. And make the lakes RED. #beardown RT #scumdevils","2015-11-18 19:02:12","","0","0"
"Sundevils vs Wildcats","#Sundevils","erniervoice","#ArizonaWildcats  have you painted the A. #ASU #sundevils Do it. And make the lakes RED. #beardown RT #scumdevils","2015-11-18 19:01:40","","0","0"
"Sundevils vs Wildcats","#Sundevils","holidayhqteam","#ArizonaState #NCAA Arizona State Sun Devils 11"" x 17"" Multi Use Decals - Auto, Windows, Cornhole https://t.co/ZN5KQESYsl #Sundevils #Pac12","2015-11-18 18:54:49","","0","0"
"Sundevils vs Wildcats","#Sundevils","Aspires2BSweet","Although I attended both @ASU and @UofA, I always cheer on the @FootballASU because I had the most fun there as an undergrad. Go #SunDevils!","2015-11-18 18:50:37","","0","0"
"Sundevils vs Wildcats","#Sundevils","AKuey760","Time to show your #Wildcat pride. The #SunDevils are leading. #TerritorialCup @UofA @ArizonaFBall @Greg_Byrne  https://t.co/BOq6bDparT","2015-11-18 17:50:25","","0","0"
"Sundevils vs Wildcats","#Sundevils","kristinsoraya81","Give UA back to Mexico!! Classic! #SunDevils #NoPityForTheKitty  https://t.co/Qzw9RqtkEk","2015-11-18 17:39:04","","0","1"
"Sundevils vs Wildcats","#Sundevils","holidayhqteam","#ArizonaState #NCAA Arizona State Sun Devils Mouse Pad https://t.co/W2jjKLXR8I #Sundevils #Pac12","2015-11-18 17:30:51","","0","0"
"Sundevils vs Wildcats","#Sundevils","sdlogg","Spread this far &amp; wide #SunDevils. It is worth the 6 mins of your time. Trust me. https://t.co/LP8QmgpvhQ @JediASU @BDenny29 @JoeHealey42","2015-11-18 17:15:22","","17","16"
"Sundevils vs Wildcats","#Sundevils","CIGmuzik","@vmfernandez_ I'm originally from Az. &amp; would love if I could get some #SunDevils to check out my latest dance track https://t.co/7x5v8OryxV","2015-11-18 16:52:06","","0","0"
"Sundevils vs Wildcats","#Sundevils","CIGmuzik","@Ashleycoxdancer I'm originally from Az. &amp; would love if I could get some #SunDevils to check out my dance track https://t.co/7x5v8OryxV","2015-11-18 16:51:49","","0","0"
"Sundevils vs Wildcats","#Sundevils","CIGmuzik","@lizapurtz I'm originally from Az. &amp; would love if I could get some #SunDevils to check out my latest dance track https://t.co/7x5v8OryxV","2015-11-18 16:50:04","","0","0"
"Sundevils vs Wildcats","#Sundevils","CIGmuzik","@Kileyy_Daviss I'm originally from Az. &amp; would love if I could get some #SunDevils 2 check out my latest dance track https://t.co/7x5v8OryxV","2015-11-18 16:49:47","","0","0"
"Sundevils vs Wildcats","#Sundevils","CIGmuzik","@alexdermody2 I'm originally from Az. &amp; would love if I could get some #SunDevils to check out my latest dance track https://t.co/7x5v8OryxV","2015-11-18 16:49:31","","0","0"
"Sundevils vs Wildcats","#Sundevils","CIGmuzik","@allyson_bing I'm originally from Az. &amp; would love if I could get some #SunDevils to check out my latest dance track https://t.co/7x5v8OryxV","2015-11-18 16:49:19","","0","0"
"Sundevils vs Wildcats","#Sundevils","CIGmuzik","@stormhulsebus I'm originally from Az. &amp; would love if I could get some #SunDevils 2 check out my latest dance track https://t.co/7x5v8OryxV","2015-11-18 16:48:33","","0","0"
"Sundevils vs Wildcats","#Sundevils","CIGmuzik","@nickiavino I'm originally from Az. &amp; would love if I could get some #SunDevils to check out my latest dance track https://t.co/7x5v8OryxV","2015-11-18 16:48:12","","0","0"
"Sundevils vs Wildcats","#Sundevils","CIGmuzik","@megancassling I'm originally from Az. &amp; would love if I could get some #SunDevils 2 check out my latest dance track https://t.co/7x5v8OryxV","2015-11-18 16:47:58","","1","0"
"Sundevils vs Wildcats","#Sundevils","CIGmuzik","@NicoleDelabarre I'm originally from Az. &amp; would love if I could get some #SunDevils to check out my dance track https://t.co/7x5v8OryxV","2015-11-18 16:47:19","","0","0"
"Sundevils vs Wildcats","#Sundevils","CIGmuzik","@TiaTiaParker I'm originally from Az. &amp; would love if I could get some #SunDevils to check out my latest dance track https://t.co/7x5v8OryxV","2015-11-18 16:46:25","","0","0"
"Sundevils vs Wildcats","#Sundevils","CIGmuzik","@laurenlebowitz I'm originally from Az &amp; would love if I could get some #SunDevils 2 check out my latest dance track https://t.co/7x5v8OryxV","2015-11-18 16:46:04","","0","0"
"Sundevils vs Wildcats","#Sundevils","CIGmuzik","@calen_dar_  I'm originally from Az. &amp; would love if I could get some #SunDevils to check out my latest dance track https://t.co/7x5v8OryxV","2015-11-18 16:45:40","","0","0"
"Sundevils vs Wildcats","#Sundevils","CIGmuzik","@MeganBusch I'm originally from Az. &amp; would love if I could get some #SunDevils to check out my latest dance track https://t.co/7x5v8OryxV","2015-11-18 16:45:27","","0","0"
"Sundevils vs Wildcats","#Sundevils","CIGmuzik","@AnnaUtter I'm originally from Az. &amp; would love if I could get some #SunDevils to check out my latest dance track https://t.co/7x5v8OryxV","2015-11-18 16:45:15","","0","0"
"Sundevils vs Wildcats","#Sundevils","CIGmuzik","@j_stacksssss I'm originally from Az. &amp; would love if I could get some #SunDevils to check out my latest dance track https://t.co/7x5v8OryxV","2015-11-18 16:44:56","","0","0"
"Sundevils vs Wildcats","#Sundevils","CIGmuzik","@izzy_vasquez21 I'm originally from Az &amp; would love if I could get some #SunDevils 2 check out my latest dance track https://t.co/7x5v8OryxV","2015-11-18 16:44:44","","0","0"
"Sundevils vs Wildcats","#Sundevils","CIGmuzik","@kelseyMCGL I'm originally from Az. &amp; would love if I could get some #SunDevils to check out my latest dance track https://t.co/7x5v8OryxV","2015-11-18 16:44:21","","0","0"
"Sundevils vs Wildcats","#Sundevils","CIGmuzik","@kaylinraeburke I'm originally from Az &amp; would love if I could get some #SunDevils 2 check out my latest dance track https://t.co/7x5v8OryxV","2015-11-18 16:43:03","","0","0"
"Sundevils vs Wildcats","#Sundevils","CIGmuzik","@jvancey I'm originally from Az. &amp; would love if I could get some #SunDevils to check out my latest dance track https://t.co/7x5v8OryxV","2015-11-18 16:42:38","","0","0"
"Sundevils vs Wildcats","#Sundevils","CIGmuzik","@ashleymusil I'm originally from Az. &amp; would love if I could get some #SunDevils to check out my latest dance track https://t.co/7x5v8OryxV","2015-11-18 16:41:49","","0","0"
"Sundevils vs Wildcats","#Sundevils","CIGmuzik","@ASU_Theta I'm originally from Az. &amp; would love if I could get some #SunDevils to check out my latest dance track https://t.co/7x5v8OryxV","2015-11-18 16:41:32","","0","0"
"Sundevils vs Wildcats","#Sundevils","CIGmuzik","@Bayleyscout I'm originally from Az. &amp; would love if I could get some #SunDevils to check out my latest dance track https://t.co/7x5v8OryxV","2015-11-18 16:41:20","","0","0"
"Sundevils vs Wildcats","#Sundevils","CIGmuzik","@TheSunDevils I'm originally from Az. &amp; would love if I could get some #SunDevils to check out my latest dance track https://t.co/7x5v8OryxV","2015-11-18 16:40:59","","0","0"
"Sundevils vs Wildcats","#Sundevils","CIGmuzik","@carissamarpena I'm originally from Az &amp; would love if I could get some #SunDevils 2 check out my latest dance track https://t.co/7x5v8OryxV","2015-11-18 16:40:39","","0","0"
"Sundevils vs Wildcats","#Sundevils","CIGmuzik","@HalleKasper  I'm originally from Az. &amp; would love if I could get some #SunDevils to check out my latest dance track https://t.co/7x5v8OryxV","2015-11-18 16:40:10","","0","0"
"Sundevils vs Wildcats","#Sundevils","CIGmuzik","@HaeMoh I'm originally from Az. &amp; would love if I could get some #SunDevils to check out my latest dance track https://t.co/7x5v8OryxV","2015-11-18 16:39:37","","0","0"
"Sundevils vs Wildcats","#Sundevils #Wildcats","gtea","Rooting for my #sundevils to win the territorial cup today against the #wildcats! #nails ready for… https://t.co/Q7kbQcveqA","2015-11-21 15:22:48","{u'type': u'Point', u'coordinates': [-111.93259851, 33.4261138]}","0","0"
"Sundevils vs Wildcats","#Sundevils #Wildcats","MLCOV","Week 12 picks...Arizona @ Arizona State #pac12 #wildcats #beardown #sundevils #asusundevils https://t.co/oPhrGOF0Rs","2015-11-21 02:16:02","","0","0"
"Sundevils vs Wildcats","#Sundevils #Wildcats","TheAgencyG","Agency G is an equal opportunity employer... We have a team #SunDevils and #Wildcats that has proven to work... https://t.co/JsmNDXyxs2","2015-11-20 19:50:24","","0","0"
"Sundevils vs Wildcats","#Sundevils #Wildcats","TixsUnlimited","Almost time! #Arizona vs #ASU football is Saturday night! Get your tix for the territorial cup now. 480-388-3888 

#SunDevils #Wildcats","2015-11-19 15:18:29","","0","0"
"Sundevils vs Wildcats","#Sundevils #Wildcats","12News","It's Territorial Cup week - #SunDevils or #Wildcats? Show us your fan photos and you could be on #12Today in the morning. Use #BeOn12","2015-11-17 23:05:16","","5","6"
"Sundevils vs Wildcats","#Sundevils #Wildcats","12News","#SunDevils? #Wildcats? Show us your fan photos and you could be on #12Today in the morning. Use #BeOn12","2015-11-17 22:05:12","","0","0"
"Sundevils vs Wildcats","#Sundevils #Wildcats","NBCSportsAM1060","The #LocalFootballRoundUp is up next which includes injury updates for #AZCardinals, #SunDevils and #Wildcats. 

https://t.co/SCtNHQEOox","2015-11-17 18:19:44","","0","0"
"Sundevils vs Wildcats","#Sundevils #Wildcats","NBCSportsAM1060","The #Wildcats come from behind to defeat the #SunDevils 68-64 in OT. #ASUonNBCSports1060","2015-11-16 00:53:57","","0","0"
"Sundevils vs Wildcats","#Sundevils #Wildcats","NBCSportsAM1060","Overtime starts at the Wells Fargo Arena with the #SunDevils and the #Wildcats tied 56-56. #ASUonNBCSports1060","2015-11-16 00:42:25","","0","0"
"Sundevils vs Wildcats","#Sundevils #Wildcats","NBCSportsAM1060","The #SunDevils lead the #Wildcats 48-46 with 5:00 left in the game from Wells Fargo. #ASUonNBCSports1060","2015-11-16 00:21:28","","0","0"
"Sundevils vs Wildcats","#Sundevils #Wildcats","NBCSportsAM1060","The #Wildcats have cut into the #SunDevils lead 39-38 as the fourth quarter gets started. #ASUonNBCSports1060","2015-11-16 00:08:30","","0","0"
"Sundevils vs Wildcats","#Sundevils #Wildcats","NBCSportsAM1060","With4:36 left in the third quarter the #SunDevils are on top of the #Wildcats 37-25 #ASUonNBCSports1060","2015-11-15 23:56:16","","0","0"
"Sundevils vs Wildcats","#Sundevils #Wildcats","NBCSportsAM1060","The #SunDevils head to the locker room at halftime leading the #Wildcats 29-17. #ASUonNBCSports1060","2015-11-15 23:33:40","","0","0"
"Sundevils vs Wildcats","#Sundevils #Wildcats","NBCSportsAM1060","The #SunDevils lead the #Wildcats 22-14 with 4:23 left in the first half. #ASUonNBCSports1060","2015-11-15 23:18:13","","0","0"
"Sundevils vs Wildcats","#Sundevils #Wildcats","NBCSportsAM1060","After 1 quarter of play the #SunDevils trail the #Wildcats 12-10 from Wells Fargo Arena. #ASUonNBCSports1060","2015-11-15 23:03:18","","0","0"
"Sundevils vs Wildcats","#Sundevils #Wildcats","NBCSportsAM1060","The Women's Basketball season tips off as the #SunDevils play host to the #Wildcats from Kentucky right now. #ASUonNBCSports1060","2015-11-15 22:29:44","","0","1"
"Sundevils vs Wildcats","#Sundevils #Wildcats","MarioDOrtenzio","#SunDevils = BIG HEART! 
Now, let's beat the STINK outta the #Wildcats! 
#GoDevils #UWvsASU #BeatArizona #FearTheFork #SunDevilPride","2015-11-14 23:27:41","","0","2"
"Sundevils vs Wildcats","#Wildcats","BlueMatrix5","Touchdown wildcats. #wildcats","2015-11-21 19:41:13","","0","0"
"Sundevils vs Wildcats","#Wildcats","Luke_Manderfeld","End of 3Q:

#Cyclones: 35
#Wildcats: 21","2015-11-21 19:35:39","","0","0"
"Sundevils vs Wildcats","#Wildcats","CheBelloFashion","NMU Ladies~ Should we order this necklace? #wildcats #nmu #marquette #the906 https://t.co/WwSSRhmKAH","2015-11-21 19:33:09","","0","0"
"Sundevils vs Wildcats","#Wildcats","unSpokenArt","Great job #wildcats! You guys we're beyond amazing and even though you guys were the runners up, we… https://t.co/VUB12q9zZu","2015-11-21 19:18:49","{u'type': u'Point', u'coordinates': [-76.6173782, 39.3475609]}","0","1"
"Sundevils vs Wildcats","#Wildcats","Sports_Polls19","CFB ... who wins? #Sports #Polls #Wildcats #Badgers","2015-11-21 19:15:09","","0","0"
"Sundevils vs Wildcats","#Wildcats","thespinzone","For the morning #Wildcats https://t.co/1jHoV33wNy ...oldies but goodies. #BearDown #ASUCKS #UAvsASU","2015-11-21 19:03:07","","0","4"
"Sundevils vs Wildcats","#Wildcats","andrewbishup","#BBN, who's ready for the #UKFootball #Wildcats! Tonight is a must-win! Show your support and #PacktheCatwalk! #UK #WeAreUK #BeatCharlotte","2015-11-21 18:46:35","","3","12"
"Sundevils vs Wildcats","#Wildcats","Luke_Manderfeld","End of half:

#Cyclones: 35
#Wildcats: 14","2015-11-21 18:42:59","","0","1"
"Sundevils vs Wildcats","#Wildcats","smlpkg12","Getting ready for the #territorialcup #duelinthedesert2015 #uofawildcats #downwiththefork #wildcats… https://t.co/1riI7Ubmbk","2015-11-21 18:39:41","","0","0"
"Sundevils vs Wildcats","#Wildcats","catsdispatch","#Wildcats: You guys too! #BeattheCardinal https://t.co/zfIdxmghHJ https://t.co/477MgrwgNd","2015-11-21 18:31:06","","0","0"
"Sundevils vs Wildcats","#Wildcats","bmonroy84","Let's go Kats!!!
#kstate #wildcats #purplepride #almamater #manhattan #littleapple @ Bill Snyder… https://t.co/tK7YpoZkxz","2015-11-21 18:31:04","{u'type': u'Point', u'coordinates': [-96.5947571, 39.2039719]}","0","1"
"Sundevils vs Wildcats","#Wildcats","DonBestSports","#Badgers are 3-7 ATS in their last 10 games following a S.U. win.  #Wildcats are 6-2 ATS in their last 8 games as an underdog. #NWESTvsWISC","2015-11-21 18:21:36","","0","1"
"Sundevils vs Wildcats","#Wildcats","jlenherr","I guess that makes up for his terrible pass coverage on the ISU touchdown! #EMAW #Wildcats","2015-11-21 18:13:17","","0","1"
"Sundevils vs Wildcats","#Wildcats","holidayhqteam","#KansasState #NCAA Kansas State University Wind Sock https://t.co/1zquLxApnc #Wildcats #ESPN","2015-11-21 18:04:38","","0","0"
"Sundevils vs Wildcats","#Wildcats","PRAlford","The @ACUFootball #Wildcats close out their season in Northern #Colorado today. Sunny but cold. Go cats! https://t.co/gwzq9EDn5a @ACUedu","2015-11-21 17:57:36","","0","0"
"Sundevils vs Wildcats","#Wildcats","zwitham","Look at what formation their in then CALL A TIMEOUT BILL!!! #ksu #Wildcats","2015-11-21 17:55:58","","0","0"
"Sundevils vs Wildcats","#Wildcats","CarlaMorrisShow","BCU football players legacy walk! #BCU #Wildcats  #tailgating #DaytonaBeach #Orlando #floridaclassic #Citrusbowl https://t.co/nadYUmlu9q","2015-11-21 17:50:16","","0","0"
"Sundevils vs Wildcats","#Wildcats","Luke_Manderfeld","End of 1Q. 

#Cyclones: 7
#Wildcats: 7

Iowa State is facing a 4th down decision at the KSU 1-yard line.","2015-11-21 17:42:41","","1","0"
"Sundevils vs Wildcats","#Wildcats","My_Oh_Maya14","#UOfA All The Way #Wildcats  https://t.co/QpDXhCPtsI","2015-11-21 17:39:22","","0","0"
"Sundevils vs Wildcats","#Wildcats","jamonit1972","Game day baby! #beardown #UofA #killthedevil #wildcats https://t.co/skzBCTktit","2015-11-21 17:38:02","","0","0"
"Sundevils vs Wildcats","#Wildcats","oneofmanymikes","One of my favorite rivalries that it seems few east of Denver are familiar with.  #BearDown #Wildcats  https://t.co/e00DcsalsX","2015-11-21 17:35:14","","0","0"
"Sundevils vs Wildcats","#Wildcats","jlenherr","What's going on with our special teams. Giving up too many return yards! #EMAW #Wildcats","2015-11-21 17:33:10","","0","0"
"Sundevils vs Wildcats","#Wildcats","dains9","@RobGronkowski little brother just threw a TD. Can you do the same bro? #KState #Wildcats","2015-11-21 17:30:01","","0","0"
"Sundevils vs Wildcats","#Wildcats","Hendrick_231","This is actually rediculous #wildcats https://t.co/Pda0Sx5yXm","2015-11-21 17:26:37","","0","0"
"Sundevils vs Wildcats","#Wildcats","VFoxxy","Game time! @josh_goose #ksu #wildcats #kansasstateuniversity #mhk #football #gameday #alumni https://t.co/hie6jhugua","2015-11-21 17:17:45","","0","0"
"Sundevils vs Wildcats","#Wildcats","CoachesCabana","Tweet @mrleckey all your #KState #Football questions during the game today! Use #CoachesCabana  Watch https://t.co/3cO5gxFUiM #Wildcats","2015-11-21 17:16:06","","2","0"
"Sundevils vs Wildcats","#Wildcats","BoyCrazyMama","I love the #Wildcats, but today I'm a #SunDevil. #ASU #ASUBaseball… https://t.co/EXrmIJT7wo","2015-11-21 17:01:32","{u'type': u'Point', u'coordinates': [-111.9275, 33.42805556]}","0","1"
"Sundevils vs Wildcats","#Wildcats","CoachesCabana","@CoachesCabana is LIVE w/#KStatevsISU LIVE tweet w/us during the game @mrleckey use #CoachesCabana https://t.co/3cO5gxFUiM #Wildcats #KState","2015-11-21 16:45:38","","1","1"
"Sundevils vs Wildcats","#Wildcats","TayC","20 mins till game time! #KSU #Wildcats let's get this one!!!! #saturdayisgameday","2015-11-21 16:44:29","","0","0"
"Sundevils vs Wildcats","#Wildcats","KitaSxyBlac","Lets go #Wildcats #FloridaClassic2015 #BCU #BethuneCookman #ProudAlumni… https://t.co/CwMuLS1AKF","2015-11-21 16:42:35","","0","0"
"Sundevils vs Wildcats","#Wildcats","DonBestSports","#Wildcats are 6-2-1 ATS in their last 9 games as a favorite of 3.5-10.0. Over is 5-2 in their last 7 home games. #IOWASTvsKSTATE #odds","2015-11-21 16:36:59","","0","0"
"Sundevils vs Wildcats","#Wildcats","td_nesmith","We Ready... let's go #Wildcats @ Orlando, Florida https://t.co/RfSwXGL7qj","2015-11-21 16:23:28","","0","0"
"Sundevils vs Wildcats","#Wildcats","UrbanHopeNC","Down at the Walltown Rec to kickoff 2015-16 @dprplaymore basketball season...let's go Walltown squads!! #bobcats #panthers #lions #wildcats","2015-11-21 16:04:05","","1","2"
"Sundevils vs Wildcats","#Wildcats","TDryburgh","Gameday for the Wildcats! We are prepared to go to work today vs Northeast Neb. Catch us on KBMWam at 5 tonight! #Wildcats","2015-11-21 16:03:14","","0","0"
"Sundevils vs Wildcats","#Wildcats","CCET_1824","Congrats Intermediate Fences riders! Cara Wheeler - 3rd, Erica Ferreira - 1st!  #ccet #wildcats","2015-11-21 15:58:27","","1","3"
"Sundevils vs Wildcats","#Wildcats","tnochelt","Yeah #marchingband #wildcats #wildcats #asu #uofa #battleofthebands2015… https://t.co/lOAYhJJjyw","2015-11-21 15:50:46","{u'type': u'Point', u'coordinates': [-111.9409771, 33.4083791]}","0","0"
"Sundevils vs Wildcats","#Wildcats","PhiladelphiaPST","Predicting that James Madison will beat #Villanova this week, 34-23. Been an unexpected season for the #Wildcats. --Jeff","2015-11-21 15:41:36","","0","0"
"Sundevils vs Wildcats","#Wildcats","patelnomics","Go watch all the hard work from students but eventually support the #wildcats #UK  https://t.co/UZkAwVJWwH","2015-11-21 15:40:48","","1","1"
"Sundevils vs Wildcats","#Wildcats","holidayhqteam","#KansasState #NCAA Grandma Pants Kansas State Wildcats Sublimated Cinch Backpack https://t.co/6eCwhN9o6n #Wildcats #Big12","2015-11-21 15:33:34","","0","0"
"Sundevils vs Wildcats","#Wildcats","gtea","Rooting for my #sundevils to win the territorial cup today against the #wildcats! #nails ready for… https://t.co/Q7kbQcveqA","2015-11-21 15:22:48","{u'type': u'Point', u'coordinates': [-111.93259851, 33.4261138]}","0","0"
"Sundevils vs Wildcats","#Wildcats","Austin_Runner","Game Day #Wildcats! #BearDown Beat #ASU! #BigGame #TerritorialCup @ArizonaFBall","2015-11-21 15:14:00","","0","0"
"Sundevils vs Wildcats","#Wildcats","sir_K4OL","Let get it #Wildcats! Let's get it! #BeatFAMU","2015-11-21 15:10:01","","2","0"
"Sundevils vs Wildcats","#Wildcats","CCET_1824","Congrats Open Fences riders at SLU! Gabby Baker - 2nd, Haley Bell - 2nd, Savannah Mannes - 2nd #ccet #wildcats","2015-11-21 15:04:03","","1","4"
"Sundevils vs Wildcats","#Wildcats","RayBrand1914","Dunwoody high alumni game. #dunwoodyhigh #wildcats #alumni #flagfootball @ Rays Boom Boom Room https://t.co/9MEv6oKN9R","2015-11-21 13:59:59","{u'type': u'Point', u'coordinates': [-84.16195336, 33.70008873]}","0","0"
"Sundevils vs Wildcats","#Wildcats","CarlaMorrisShow","It's classic weekend, looking forward to a great tailgate and football game! #Wildcats https://t.co/0Z0VYaHpxQ","2015-11-21 13:14:51","","0","0"
"Sundevils vs Wildcats","#Wildcats","holidayhqteam","#KansasState #NCAA Kansas State University Golf Ball Markers 3 Pack Poker Chip https://t.co/TYC1doyB1O #Wildcats #ESPN","2015-11-21 12:42:23","","0","0"
"Sundevils vs Wildcats","#Wildcats","douchbagdylan","Great season @gage_bican25 @lukebican... Great future for both of you! #wildcats","2015-11-21 11:41:37","","0","4"
"Sundevils vs Wildcats","#Wildcats","KirstinMcEwan","Some info on the latest efforts to protect #wildcats through Trap, Neuter, Vaccinate &amp; Release of feral cats https://t.co/H5Ye8Yri6p","2015-11-21 11:18:30","","0","0"
"Sundevils vs Wildcats","#Wildcats","ArizBasketball","#Wildcats looked good during #BoiseState game, but so did the #Broncos.  #Cats got big break when #JamesWebbIII hurt his ankle. #DudeCanPlay","2015-11-21 10:03:59","","0","0"
"Sundevils vs Wildcats","#Wildcats","holidayhqteam","#Northwestern Northwestern University Mens Over Stuffed House Shoes https://t.co/5yZaNhRtuq #Wildcats #NCAA","2015-11-21 09:51:52","","0","0"
"Sundevils vs Wildcats","#Wildcats","ArizBasketball","#York shoots #Wildcats past bothersome #BoiseState: https://t.co/aRuyolLOqY","2015-11-21 09:37:33","","0","0"
"Sundevils vs Wildcats","#Wildcats","ArizBasketball","#WildCats stats breakdown: York, PJC carry Cats past #BoiseState: https://t.co/x0WsBLo5qB","2015-11-21 09:35:06","","0","0"
"Sundevils vs Wildcats","#Wildcats","holidayhqteam","#KansasState #NCAA Kansas State University Embroidered Golf Towel https://t.co/T9oCCu11AE #Wildcats #Big12","2015-11-21 07:59:34","","0","0"
"Sundevils vs Wildcats","#Wildcats","thespinzone","I'll prob tweet this in the am but for you younger #Wildcats, here's some of my older work. #BearDown #ASU sucks https://t.co/1jHoV33wNy","2015-11-21 07:07:52","","0","2"
"Sundevils vs Wildcats","#Wildcats","WGlascoe","I think the Jake and Joe duo is one of the greats, witnessed it since sixth grade. #wildcats @jcb_whitfield @Joe_Rav14","2015-11-21 06:14:51","","3","13"
"Sundevils vs Wildcats","#Wildcats","holidayhqteam","#KansasState #NCAA Kansas State Wildcats Jumbo Mascot Marled Pullover Hoodie - Purple https://t.co/l7jSkf3Txx #Wildcats #Big12","2015-11-21 06:12:49","","0","0"
"Sundevils vs Wildcats","#Wildcats","latikanath","#cheetah brothers with an impala fawn.
#maasaimara #bigcats #wildcats #cheetahconservation #Africa… https://t.co/HFYZt0u9Pw","2015-11-21 05:28:07","","0","0"
"Sundevils vs Wildcats","#Wildcats","theopsports","Top 25 ROUNDUP: #Wildcats continue streak against #Duke; #Maryland brings victory against #Rider | https://t.co/ghQotrnGTm","2015-11-21 04:54:44","","0","0"
"Sundevils vs Wildcats","#Wildcats","BR_UKWildcats","[ESPN] No. 2 Kentucky defeats Wright State to improve to 4-0: 
Tyler Ulis scores a career-high 21 po... https://t.co/bemNzzkN97 #Wildcats","2015-11-21 04:52:53","","0","0"
"Sundevils vs Wildcats","#Wildcats","coachgaitan","Another playoff win! #areachamps! Kids are battling everyday and making plays! #proudcoach #allgassnobreaks #wildcats #weimar","2015-11-21 04:47:49","","11","26"
"Sundevils vs Wildcats","#Wildcats","WhitleeJones","@Tepper just said the #wildcats could win the #big12 ... can't argue with the man.","2015-11-21 04:41:41","","0","0"
"Sundevils vs Wildcats","#Wildcats","BR_UKWildcats","[ESPN Video] Kentucky's Drew Barker expected to shine vs. Charlotte: 
SEC Network's Chris Doering an... https://t.co/uvUxI4VH1T #Wildcats","2015-11-21 04:30:40","","11","7"
"Sundevils vs Wildcats","#Wildcats","BR_UKWildcats","[Rivals] No. 2 Kentucky beats Wright State 78-63 to improve to 4-0 (The Associated Press): Tyler Uli... https://t.co/QMhBo8bgGy #Wildcats","2015-11-21 04:23:15","","0","0"
"Sundevils vs Wildcats","#Wildcats","LPJ80","Well it's good to say that 4 teams from the area going to Lower-State: #Wildcats #Vikings #Gators... https://t.co/7kXrIhYD0O","2015-11-21 04:19:13","","1","0"
"Sundevils vs Wildcats","#Wildcats","tropicalsparkle","Who will be the #Wildcats next opponent....Mitty or Oakgrove?","2015-11-21 04:18:04","","0","0"
"Sundevils vs Wildcats","#Wildcats","landofstacy","Congrats #WildCats. Great game tonight. Onto Round 2. @donnybaker13 @coach_stepp #LHSCats","2015-11-21 04:09:04","","3","3"
"Sundevils vs Wildcats","#Wildcats","TempleISD","#Wildcats defeat Houston Stratford 14-6 at Merrill Green Stadium in Bryan!!!! @templewildcats @TheCatSports","2015-11-21 04:03:10","","33","30"
"Sundevils vs Wildcats","#Wildcats","Dynasty_Leader7","Congrats to those Meridian Wildcats for beating OG tonight! Beat Petal next week  for the South State Championship! #MHS #Wildcats","2015-11-21 03:53:51","","0","0"
"Sundevils vs Wildcats","#Wildcats","jeremybranson","#22 @blakelyliebmann in for another @cashionfootball #TOUCHDOWN now 50-20 #WILDCATS @Franchiseprep #okpreps #coldfrontishere #goldball","2015-11-21 03:49:51","","2","0"
"Sundevils vs Wildcats","#Wildcats","catsdispatch","#Wildcats: Rodriguez will mix up calls to hinder signal stealing https://t.co/DiFNh5YU1x https://t.co/477MgrwgNd","2015-11-21 03:28:19","","0","0"
"Sundevils vs Wildcats","#Wildcats","WildcatNewsfeed","https://t.co/QUuiC1dAll] Wright State#BBN #Wildcats","2015-11-21 03:24:03","","0","0"
"Sundevils vs Wildcats","#Wildcats","jeremybranson","@Matt_harman5 to a jumping @Josh2Hampton for another @cashionfootball #TOUCHDOWN now 38-20 #WILDCATS @Franchiseprep #okpreps #goldball","2015-11-21 03:16:49","","1","1"
"Sundevils vs Wildcats","#Wildcats","catsdispatch","#Wildcats: Wildcats embracing bad-guy role as they travel to Tempe https://t.co/ELfMz9MO3v https://t.co/477MgrwgNd","2015-11-21 03:10:35","","0","0"
"Sundevils vs Wildcats","#Wildcats","jeremybranson","Ketchum scored now 32-20 @cashionfootball #WILDCATS @Franchiseprep #okpreps","2015-11-21 03:10:13","","1","1"
"Sundevils vs Wildcats","#Wildcats","LeeThePoet1985","#kentuckyovereverything #bbn #weareuk #wildcats #bigbluenation #Kentucky #kingsofcollegebasketball 

WE DEM BOYS!!!!!!!!!","2015-11-21 03:09:37","","0","0"
"Sundevils vs Wildcats","#Wildcats","alanowens1984","Whoop whoop UK wins against Wright At... Finally score  78-63....3-0 baby!!  #bbn #wildcats","2015-11-21 03:04:59","","0","0"
"Sundevils vs Wildcats","#Wildcats","SamsonAnt","Interesting seeing 5'9 Ulis being the leader, and giving the tall ass guys on his team a talking to. #Wildcats","2015-11-21 03:02:50","","0","0"
"Sundevils vs Wildcats","#Wildcats","eric_draper","This is not #brucketball and I like it. #KState #wildcats","2015-11-21 02:54:55","","0","1"
"Sundevils vs Wildcats","#Wildcats","bryan_derrick","What's going to be better than a win ... A playoff win 4:29 left Lex 45 FM 14 #FridayNightLights #Wildcats #playoffs","2015-11-21 02:54:18","","0","0"
"Sundevils vs Wildcats","#Wildcats","SamsonAnt","Tyler Ulis is set to have a great season #Wildcats","2015-11-21 02:48:17","","0","0"
"Sundevils vs Wildcats","#Wildcats","jeremybranson","Halftime @cashionfootball 32 - Ketchum 14 @Franchiseprep @okgridiron #okpreps #WILDCATS #goldball","2015-11-21 02:39:12","","1","1"
"Sundevils vs Wildcats","#Wildcats","barryisthedon","Wisconsin vs. Smart twits in purple

Who you got?

RT for #Badgers 
LIKE for #Wildcats","2015-11-21 02:31:59","","14","1"
"Sundevils vs Wildcats","#Wildcats","WildcatNewsfeed","https://t.co/LHmvHoD1d2 Florida plays Louisville tomorrow at noon. The Ospreys need your energy.#BBN #Wildcats","2015-11-21 02:24:08","","1","0"
"Sundevils vs Wildcats","#Wildcats","jeremybranson","Ketchum scored. 24-14 @cashionfootball @Franchiseprep #okpreps #goldball #WILDCATS","2015-11-21 02:17:28","","1","1"
"Sundevils vs Wildcats","#Wildcats","MLCOV","Week 12 picks...Northwestern @ Wisconsin #big10 #wildcats #gobadgers #wisconsin #onwisconsin https://t.co/4jN6KIXwLt","2015-11-21 02:17:23","","0","0"
"Sundevils vs Wildcats","#Wildcats","daddycgh","All my football niggas ball tf out bring that W BACK TO 29 #WILDCATS","2015-11-21 02:16:14","","0","1"
"Sundevils vs Wildcats","#Wildcats","MLCOV","Week 12 picks...Arizona @ Arizona State #pac12 #wildcats #beardown #sundevils #asusundevils https://t.co/oPhrGOF0Rs","2015-11-21 02:16:02","","0","0"
"Sundevils vs Wildcats","#Wildcats","jessica_onlyy","Oh my gosh, loving CWU!! #wildcats","2015-11-21 02:15:45","","0","0"
"Sundevils vs Wildcats","#Wildcats","WhitleeJones","Oohhh. Those #wildcats sure are #mighty #mighty. @Tanner_Schafer9 just passed 3,000 yards. #thisguyisonfire","2015-11-21 02:13:46","","3","8"
"Sundevils vs Wildcats","#Wildcats","jeremybranson","@Matt_harman5 takes it in himself from 3yds for another @cashionfootball #TOUCHDOWN 24-7 #WILDCATS @Franchiseprep #okpreps #Goldball","2015-11-21 02:09:43","","1","1"
"Sundevils vs Wildcats","#Wildcats","kissmyVass_","Let's go CATS #bbn #uk #WILDCATS #KentuckyWildCats","2015-11-21 02:04:41","","0","0"
"Sundevils vs Wildcats","#Wildcats","sutpau77","Shoutout to @AWilliamson54 on his half court attempt #Wildcats #Titanup","2015-11-21 01:59:38","","0","0"
"Sundevils vs Wildcats","#Wildcats","AndyChristiaan","Pranksters siding with ASU paint the 'A' gold, https://t.co/sI03Vi8w3B #beardown #wildcats #UofA","2015-11-21 01:58:01","","0","0"
"Sundevils vs Wildcats","#Wildcats","jeremybranson","End of 1 it is @cashionfootball 16 - Ketchum 7 @Franchiseprep #okpreps #goldball #WILDCATS","2015-11-21 01:55:26","","2","1"
"Sundevils vs Wildcats","#Wildcats","SonMoney","Let's go mhs #wildcats","2015-11-21 01:52:41","","0","0"
"Sundevils vs Wildcats","#Wildcats","jade_vendivel","The volleyball players all have such nice braids in their hair... How?! @ArizonaVBall @UofA #wildcats","2015-11-21 01:52:05","","0","0"
"Sundevils vs Wildcats","#Wildcats","jeremybranson","@cashionfootball answers @Matt_harman5 to @Josh2Hampton for a 44yd #TOUCHDOWN 16-7 @Franchiseprep #okpreps #goldball #WILDCATS","2015-11-21 01:47:16","","1","1"
"Sundevils vs Wildcats","#Wildcats","Lexi_JetSettin","Love our Group Chat , It makes me Happy . #WildCats ❤️","2015-11-21 01:44:09","","0","0"
"Sundevils vs Wildcats","#Wildcats","emilykateTJK","Worst Wright State alum ever. Rooting for my #Wildcats! Lol.","2015-11-21 01:41:13","","0","0"
"Sundevils vs Wildcats","#Wildcats","bryan_derrick","Halftime Lexington 35 Fort Mill 7 #FridayNightLights #Wildcats #playoffs","2015-11-21 01:39:54","","0","0"
"Sundevils vs Wildcats","#Wildcats","jeremybranson","@Matt_harman5 to @_sethbrown_ for an 80yd @cashionfootball #TOUCHDOWN 8-0 @Franchiseprep #okpreps #rnd2 #goldball #WILDCATS","2015-11-21 01:38:02","","1","1"
"Sundevils vs Wildcats","#Wildcats","MarieFeeney4","@BadgerFootball How much snow? I saw 4 inches???? #GoBadgers beat #WILDCATS","2015-11-21 01:35:32","","0","0"
"Sundevils vs Wildcats","#Wildcats","OutsiderNba","Murray flat early in the game...#WILDCATS","2015-11-21 01:18:09","","0","0"
"Sundevils vs Wildcats","#Wildcats","catsdispatch","#Wildcats: Flashback Friday: 15 years of UA-ASU game recaps https://t.co/xcpyIrDoNn https://t.co/477MgrwgNd","2015-11-21 01:13:35","","0","0"
"Sundevils vs Wildcats","#Wildcats","rowdiesdotcom","And speaking of #UNC, the #Wildcats get them next. #yikes","2015-11-21 01:05:13","","0","0"
"Sundevils vs Wildcats","#Wildcats","TeamBarFinder","Just Added: Cats Meow The NOLA Spot for #Kentucky #Wildcats fans to gather &amp; watch the game together. https://t.co/9iIozlDKu1","2015-11-21 00:39:06","","0","0"
"Sundevils vs Wildcats","#Wildcats","DUVAL_DOOM","Go #Wildcats! (@ Roswell High School in Roswell, GA) https://t.co/qBhwZXgMY0","2015-11-21 00:27:20","{u'type': u'Point', u'coordinates': [-84.38122532, 34.06293051]}","0","1"
"Sundevils vs Wildcats","#Wildcats","monctonwildcats","Stephen Johnson &amp; Liam Murphy with assists on the 1st #Wildcats goal by Kevin Klima.","2015-11-21 00:20:04","","2","1"
"Sundevils vs Wildcats","#Wildcats","TeamBarFinder","Just Added: @catskaraoke The NOLA Spot for #Kentucky #Wildcats fans to gather &amp; watch the game together. https://t.co/uabILTtsW9","2015-11-21 00:16:03","","0","0"
"Sundevils vs Wildcats","#Wildcats","catsdispatch","#Wildcats: Arizona football: On Parks' viral video, rivalry hardware, uniforms https://t.co/TKwyzDrCKW https://t.co/477MgrwgNd","2015-11-21 00:07:13","","0","0"
"Sundevils vs Wildcats","#Wildcats","Durbin47","Big win for the Cats the other night! #kentucky #wildcats #sec #uk #bbn #college #basketball #art… https://t.co/jpgcdOQTYB","2015-11-20 23:52:15","","0","2"
"Sundevils vs Wildcats","#Wildcats","WhitleeJones","The #mightymighty #wildcats are about to make another payment on success. Watch out...these boys mean business. #allin #aircanada","2015-11-20 23:33:26","","1","3"
"Sundevils vs Wildcats","#Wildcats","andrewbishup","Less than an hour away for the #Wildcats! #BBN","2015-11-20 23:18:59","","1","4"
"Sundevils vs Wildcats","#Wildcats","unSpokenArt","Pep rally for girls fall sports #wlhs #wildelake #wildcats #soccer #crosscountry #golf #hocokids… https://t.co/T19HjUcPs8","2015-11-20 23:17:43","{u'type': u'Point', u'coordinates': [-76.8725, 39.2175]}","0","0"
"Sundevils vs Wildcats","#Wildcats","catsdispatch","#Wildcats: Wildcats mix up calls to confuse sign-stealing Devils https://t.co/Xrd7CA5Zak https://t.co/477MgrwgNd","2015-11-20 23:17:21","","0","0"
"Sundevils vs Wildcats","#Wildcats","TucsonAirport","We love having #Wildcats at the #TucsonAirport! Good luck in San Diego @ArizonaWBBall! https://t.co/ytiW3FJlIZ","2015-11-20 23:11:30","","0","1"
"Sundevils vs Wildcats","#Wildcats","BryanWeir1","@Bethelmensoccer all the best lads.. Will be watching it in Minnesota.. If u guys win I'm coming to Miami.. No pressure #wegoagain #wildcats","2015-11-20 22:58:58","","0","1"
"Sundevils vs Wildcats","#Wildcats","Brent4003","@jodibaconbits @JDogg808 That's just what everybody hopes for, because they're tired of seeing Kentucky win all the time. #Wildcats","2015-11-20 22:57:00","","0","0"
"Sundevils vs Wildcats","#Wildcats","boingo","We’re proud to partner with @KState @kstatesports and hope fans enjoy the best fan experience in the #Big12 this weekend! Go #Wildcats! #DAS","2015-11-20 22:55:32","","0","0"
"Sundevils vs Wildcats","#Wildcats","cniozzy","Who's ready for football? What's 220 miles between friends? #smcfbpw2 #Wildcats @Woodall8Sarah @BlakeUTwiggins @ryanrevock @andrews_journal","2015-11-20 22:48:11","","2","2"
"Sundevils vs Wildcats","#Wildcats","JCribbs06","Pulling for our Boys in Blue tonight! Y'all got this! #wildcats #dsm #fridaynightlights #ghsa #camden… https://t.co/Kcfx3sE221","2015-11-20 22:11:51","","0","1"
"Sundevils vs Wildcats","#Wildcats","RadioAusMic","Goldie Hawn turns 70 tomorrow. Seems like it was just yesterday that she was mildly annoying. #celebrity #goldiehawn #wildcats","2015-11-20 22:05:16","","0","0"
"Sundevils vs Wildcats","#Wildcats","catsdispatch","#Wildcats: Inside Hansen's head: 14 columns from Territorial Cup battles https://t.co/3ly3v7O0Sm https://t.co/477MgrwgNd","2015-11-20 21:22:40","","0","0"
"Sundevils vs Wildcats","#Wildcats","VEcholsWFTV","Going to the FL Classic? @tterrywftv has your kickoff forecast on #WFTVAt4 #Wildcats #Rattlers","2015-11-20 21:18:47","","0","0"
"Sundevils vs Wildcats","#Wildcats","RallyWilGrove","Villanova vs. East Tennessee State tonight!

#NovaNation #novabball #wildcats #attitude @ Willow… https://t.co/3TOzxDj6Qb","2015-11-20 21:12:39","","0","0"
"Sundevils vs Wildcats","#Wildcats","catsdispatch","#Wildcats: Flashback Friday: 15 years of UA-ASU game recaps https://t.co/uterSnT0FJ https://t.co/477MgrwgNd","2015-11-20 20:47:36","","0","0"
"Sundevils vs Wildcats","#Wildcats","jarr_ed","@abc15 @DanSpindle @IrisABC15 #wildcats all the way baby! #TerritorialCup","2015-11-20 20:20:05","","0","1"
"Sundevils vs Wildcats","#Wildcats","RanchStarPass","Need some Thanksgiving ideas?! Follow us on pinterest! #Thanksgiving #Theranchstarpass #Beardwon #Wildcats https://t.co/aMqm5CLOA1","2015-11-20 20:03:56","","0","0"
"Sundevils vs Wildcats","#Wildcats","RanchStarPass","Need some Thanksgiving ideas?! Follow us on pinterest! #Thanksgiving #Theranchstarpass #Beardwon #Wildcats https://t.co/QagGZrkdVa","2015-11-20 20:02:47","","0","0"
"Sundevils vs Wildcats","#Wildcats","holidayhqteam","#KansasState #NCAA Kansas State Wildcats Distressed Big Logo Ring Spun T-Shirt - Gray https://t.co/a9XN91m1IX #Wildcats #Big12","2015-11-20 19:57:44","","0","0"
"Sundevils vs Wildcats","#Wildcats","NBCSportsAM1060","Up next on @SportsZone1060: @SteveRivera95 joins Bob to preview the #TerritorialCup &amp; talk #Wildcats season.

https://t.co/SCtNHQEOox","2015-11-20 19:53:24","","0","0"
"Sundevils vs Wildcats","#Wildcats","TheAgencyG","Agency G is an equal opportunity employer... We have a team #SunDevils and #Wildcats that has proven to work... https://t.co/JsmNDXyxs2","2015-11-20 19:50:24","","0","0"
"Sundevils vs Wildcats","#Wildcats","OWTSFootball","Final Home Game &amp; Senior Day! Kickoff at 11:00am vs. @Hatfootball #wildcats #cthsfb #football #getbetter","2015-11-20 19:37:15","","1","1"
"Sundevils vs Wildcats","#Wildcats","_NeilMitchell","Carnage of a weekend begins now #AUCC #Oldboys #theboysareback #wildcats","2015-11-20 19:26:08","","1","1"
"Sundevils vs Wildcats","#Wildcats","catsdispatch","#Wildcats: Territorial Cup game could come down to quarterback play, turnovers https://t.co/4py1Upwvp5 https://t.co/477MgrwgNd","2015-11-20 19:25:49","","0","0"
"Sundevils vs Wildcats","#Wildcats","WhitleeJones","#wildcats you have another payment to make tonight! #getyourpopcornready #allin #aircanada","2015-11-20 19:20:32","","0","3"
"Sundevils vs Wildcats","#Wildcats","YaBoiLAJ","Calling all #Rattler's and #Wildcats 

Tonights the night! 

Come out and join us as we celebrate the… https://t.co/X6Hg1nFyqN","2015-11-20 18:53:38","","0","0"
"Sundevils vs Wildcats","#Wildcats","BR_UKWildcats","[Rivals] Charlotte-Kentucky Preview (The Associated Press): The opportunity Drew Barker has waited h... https://t.co/NjSg2YUIwu #Wildcats","2015-11-20 18:31:10","","0","0"
"Sundevils vs Wildcats","#Wildcats","holidayhqteam","#Arizona #Wildcats Arizona Wildcats Large Golf Umbrella https://t.co/Rc6LQMEQlI #NCAA #Beardown","2015-11-20 18:11:17","","0","0"
"Sundevils vs Wildcats","#Wildcats","holidayhqteam","#KansasState #NCAA Kansas State Wildcats Back to Basics T-Shirt - Purple https://t.co/uSMnfDKFq4 #Wildcats #Big12","2015-11-20 18:03:38","","0","0"
"Sundevils vs Wildcats","#Wildcats","kstatecollegian","From the Sports Desk: Will K-State have another NFL 2016 draftee aside from Cody Whitehair? https://t.co/A9U5n5iE26  #kstatefb #wildcats","2015-11-20 18:00:14","","0","0"
"Sundevils vs Wildcats","#Wildcats","bigdaddycasino","#NBA #Wildcats #basketball Report: #Kings owner plans to make big offer to John Calipari https://t.co/72y0BiRNiG via @basketballtalk","2015-11-20 17:47:46","","0","0"
"Sundevils vs Wildcats","#Wildcats","WildcatNewsfeed","https://t.co/jSB6Uz2uhx] Flair / AutoMod pre-game post-game?#BBN #Wildcats","2015-11-20 17:33:19","","1","0"
"Sundevils vs Wildcats","#Wildcats","WildcatNewsfeed","https://t.co/UEVkJiFk2r] Wright State#BBN #Wildcats","2015-11-20 17:18:15","","0","0"
"Sundevils vs Wildcats","#Wildcats","WildcatNewsfeed","https://t.co/Eo6SVdUsfw] Charolette#BBN #Wildcats","2015-11-20 17:18:15","","0","0"
"Sundevils vs Wildcats","#Wildcats","TBRNewspapers","Congrats to #Shoreham #football team! Check out our story on #Wildcats' journey to #victory: https://t.co/f8idem1YgU https://t.co/k46GqbFpIS","2015-11-20 17:17:27","","1","0"
"Sundevils vs Wildcats","#Wildcats","catsdispatch","#Wildcats: Remember, if you want to announce the uni combo for tomorrow's game, tweet us in your best AZ gear and… https://t.co/477MgrwgNd","2015-11-20 17:16:04","","0","0"
"Sundevils vs Wildcats","#Wildcats","holidayhqteam","#KansasState #NCAA Kansas State University Full Size Riddell Replica Speed Helmet https://t.co/nuQMLhn1oK #Wildcats #ESPN","2015-11-20 16:56:42","","0","0"
"Sundevils vs Wildcats","#Wildcats","MyBlueprintProj","Classic Weekend #Wildcats","2015-11-20 16:55:32","","0","0"
"Sundevils vs Wildcats","#Wildcats","MyBlueprintProj","It's Classic Weekend. #Wildcats","2015-11-20 16:55:31","","0","0"
"Sundevils vs Wildcats","#Wildcats","Planet927","TONIGHT @KentuckyMBB on @Planet927! The #2 #Wildcats take on @wrightstate at 8PM...coverage begins at 6:30PM! #BBN #WhoWantsToBeNext?","2015-11-20 16:52:42","","0","0"
"Sundevils vs Wildcats","#Wildcats","magikarps_","Happy Thanksgiving break everyone!  #wildcats #jwuclt","2015-11-20 16:52:02","","0","0"
"Sundevils vs Wildcats","#Wildcats","holidayhqteam","#Arizona #Wildcats Arizona Wildcats Contour Gollf Club HeadCover - 3 Pack https://t.co/bJAPAQ0wzZ #NCAA #Beardown","2015-11-20 16:48:17","","1","0"
"Sundevils vs Wildcats","#Wildcats","SnoTapWI","#Wildcats-#Badgers preview: Joel Stave's legacy, weather being an issue? NW's D not as good as believed? https://t.co/t7LTR89yMS","2015-11-20 16:40:45","","0","0"
"Sundevils vs Wildcats","#Wildcats","VermontAcademy","Boys' vHockey home tonight vs Middlesex Bears at 5:00. Go VA!
#Wildcats","2015-11-20 16:32:17","","1","3"
"Sundevils vs Wildcats","#Wildcats","VermontAcademy","Good luck Girls' vSoccer @MacDuffieSchool tomorrow at 12:30 in @NEPSAC semi-finals. Go VA!
#Wildcats","2015-11-20 16:23:20","","1","1"
"Sundevils vs Wildcats","#Wildcats","holidayhqteam","#KansasState #NCAA Kansas State University Full Size Riddell Replica Speed Helmet https://t.co/nuQMLhn1oK #Wildcats #Big12","2015-11-20 16:10:11","","0","0"
"Sundevils vs Wildcats","#Wildcats","Deuce9Ballers","#wildcats I wish you luck, be smart, baked chicken, rice, veggies, and fruit for lunch,  no desert, prepare like a champion to play like one","2015-11-20 16:04:51","","0","0"
"Sundevils vs Wildcats","#Wildcats","holidayhqteam","#KansasState #NCAA Kansas State University Zero Gravity Chair https://t.co/kMUQQZuGSr #Wildcats #ESPN","2015-11-20 15:30:27","","0","0"
"Sundevils vs Wildcats","#Wildcats","worthy_one77","Good luck to the @BRHSWildcats tonight. #beat #bessemercity #Wildcats #Playoffs @SMACKHighAL","2015-11-20 15:00:57","","1","3"
"Sundevils vs Wildcats","#Wildcats","BR_UKWildcats","[ESPN] SEC Week 12 viewer's guide: Can LSU stop its slide?: 
It's a relative snoozer in the SEC this... https://t.co/TtDZLWF0MN #Wildcats","2015-11-20 14:57:05","","0","0"
"Sundevils vs Wildcats","#Wildcats","KentuckyBank","#BBN, are you ready for tonight's game? Check out this GAME DAY PREVIEW booklet all about your WILDCATS! https://t.co/MKDRGJjBGS #WILDCATS","2015-11-20 14:37:31","","0","0"
"Sundevils vs Wildcats","#Wildcats","holidayhqteam","#KansasState #NCAA Kansas State University Women's Two Tone Dress Watch https://t.co/0lq6DYcp5H #Wildcats #ESPN","2015-11-20 13:59:14","","0","0"
"Sundevils vs Wildcats","#Wildcats","comebackcats9","Isaac Humphries is going to be the X-Factor this year for the #Wildcats! I believe he'll help the #Cats to Number 9! #BBN","2015-11-20 13:55:02","","2","4"
"Sundevils vs Wildcats","#Wildcats","andrewbishup","Who else is excited to see the #Kentucky #Wildcats play basketball again tonight? #BBN #BeatWrightState","2015-11-20 13:42:23","","1","13"
"Sundevils vs Wildcats","#Wildcats","holidayhqteam","#KansasState #NCAA Kansas State University Women's Stainless Steel Dress Watch https://t.co/vtCrlkpzNE #Wildcats #ESPN","2015-11-20 12:32:24","","0","0"
"Sundevils vs Wildcats","#Wildcats","JesseV3GA","Did you know I did a cover to #HighSchoolMusical watch here #Scream https://t.co/km4Q1g336k #TroyBolton #EastHigh #Wildcats #ZacEfron","2015-11-20 12:12:44","","0","0"
"Sundevils vs Wildcats","#Wildcats","monctonwildcats","Gameday - #Wildcats vs #Titan tonight 7pm at the KC Irving Regional Centre in Bathurst. #GoCatsGo","2015-11-20 10:54:02","","0","3"
"Sundevils vs Wildcats","#Wildcats","EUCC10","Lovely coverage of EUCC's own big guns! #wildcats  https://t.co/bJuU40yHO8","2015-11-20 10:21:32","","1","2"
"Sundevils vs Wildcats","#Wildcats","holidayhqteam","#KansasState #NCAA Kansas State University Set of 2 Beer Glasses https://t.co/DfLx25rj6U #Wildcats #ESPN","2015-11-20 09:40:47","","0","0"
"Sundevils vs Wildcats","#Wildcats","KentuckyMiles","John Clay podcast: Next Cats talks UK basketball's early signing class https://t.co/wJcrnbHnlf #Wildcats","2015-11-20 08:25:18","","1","0"
"Sundevils vs Wildcats","#Wildcats","holidayhqteam","#KansasState #NCAA Kansas State University Embroidered Golf Towel https://t.co/T9oCCu11AE #Wildcats #ESPN","2015-11-20 07:09:22","","0","0"
"Sundevils vs Wildcats","#Wildcats","moorganjensen","High School Musical kinda night right guys @LaurieLipscomb @its_jford #wildcats","2015-11-20 06:55:58","","1","3"
"Sundevils vs Wildcats","#Wildcats","holidayhqteam","#KansasState #NCAA Kansas State University Fleece Blanket Throw Large Micro Raschel https://t.co/lifkKERiTd #Wildcats #ESPN","2015-11-20 06:01:24","","0","0"
"Sundevils vs Wildcats","#Wildcats","Turk_Bulut","@Eagan_Athletics @EHSgirlsfutball Awesome to hear that our very own Sandra Setter Larsen is the 3AA Athletic Admin of the year! #Wildcats","2015-11-20 05:35:39","","0","1"
"Sundevils vs Wildcats","#Wildcats","WendyJohnson25","Check out this item in my Etsy shop https://t.co/iBqNpwc5n0 #giftcardholder #university #Kentucky #wildcats #Nebraska #Arkansas #Razorbacks","2015-11-20 05:30:40","","0","0"
"Sundevils vs Wildcats","#Wildcats","holidayhqteam","#Arizona #Wildcats Arizona Wildcats Basic Alumni Long Sleeve T-Shirt - Red https://t.co/TAmpz3rIdI #ZonaZoo #Beardown","2015-11-20 05:22:43","","0","0"
"Sundevils vs Wildcats","#Wildcats","BR_UKWildcats","[ESPN Video] Comparing the expectations of Saban and Calipari: 
SEC Network's Peter Burns, Booger Mc... https://t.co/KWWIP32vZX #Wildcats","2015-11-20 05:13:07","","0","0"
"Sundevils vs Wildcats","#Wildcats","BR_UKWildcats","[ESPN Video] First impressions from SEC men's basketball: 
SEC Network's Peter Burns and Daymeon Fis... https://t.co/OEos0lDy2V #Wildcats","2015-11-20 05:13:07","","0","0"
"Sundevils vs Wildcats","#Wildcats","VUWFDCWildcats","#wildcats coming out of today's games undefeated, ready for new challenges tomorrow!","2015-11-20 05:11:02","","0","0"
"Sundevils vs Wildcats","#Wildcats","holidayhqteam","#KansasState #NCAA Kansas State University Golf Divot Tool Set https://t.co/bnFuz64OIJ #Wildcats #ESPN","2015-11-20 04:55:25","","0","0"
"Sundevils vs Wildcats","#Wildcats","PBC_Sports","#PineBluff will face either #eStem or #WatsonChapel in title game. #Wildcats play at 7:30 Friday. Championship game is 6 p.m. Saturday.","2015-11-20 04:12:58","","7","2"
"Sundevils vs Wildcats","#Wildcats","holidayhqteam","#KansasState #NCAA Kansas State University Women's Stainless Steel Dress Watch https://t.co/1IUXpvXCB9 #Wildcats #ESPN","2015-11-20 03:53:33","","0","0"
"Sundevils vs Wildcats","#Wildcats","_haughtsauce_","@Subzeropizza thanks brother I appreciate the love the world needs more good wildcats like yourself #wildcats #meow","2015-11-20 03:50:49","","0","0"
"Sundevils vs Wildcats","#Wildcats","PHX_USA_Sports","#Wildcats need to improve defense vs the three pointer they struggled in the first half and second half stopped the #Broncos","2015-11-20 03:47:38","","0","0"
"Sundevils vs Wildcats","#Wildcats","RealRebelBlack","#BCC #Wildcats #FLORIDACLASSIC #ClassicWeekend #FAMU #Rattlers all roads lead to @clubepicorlando… https://t.co/DU9qhkLbpd","2015-11-20 03:40:54","","1","0"
"Sundevils vs Wildcats","#Wildcats","b_moreno07","gavinncano and the #Howell #wildcats got their 1st win of the #season .... 60-15 over seadrift Had… https://t.co/sbN8UXsx9c","2015-11-20 03:36:51","","0","0"
"Sundevils vs Wildcats","#Wildcats","BFRVTees","It's that time of year!!! #kentuckywildcats #wildcats #kentucky #ncaa #basketball #collegehoops… https://t.co/cexetpYUDn","2015-11-20 03:32:24","","0","0"
"Sundevils vs Wildcats","#Wildcats","McMinimyMorning","York with his own savage block!!! #BearDown #UofA #wildcats","2015-11-20 03:31:21","","0","0"
"Sundevils vs Wildcats","#Wildcats","catsdispatch","#Wildcats: Neal, Foster emblematic of rivals' recruiting efforts https://t.co/gBtCf32sTW https://t.co/477MgrwgNd","2015-11-20 03:29:17","","0","0"
"Sundevils vs Wildcats","#Wildcats","PHX_USA_Sports","#Wildcats rbs overall advantage in the second half plus bench scoring","2015-11-20 03:29:03","","0","0"
"Sundevils vs Wildcats","#Wildcats","PHX_USA_Sports","#Wildcats have 33rbs 10 of them on the offensive side","2015-11-20 03:27:55","","0","0"
"Sundevils vs Wildcats","#Wildcats","AITAsia","AIT in the News: BBC writes about Scottish Wildcats at the AIT Cricket Grounds | #AIT #Cricket #T20 #WildCats https://t.co/TNWOcy2zKM","2015-11-20 03:09:36","","0","0"
"Sundevils vs Wildcats","#Wildcats","PHX_USA_Sports","#Wildcats Parker Jackson-Cartwright 14 pts","2015-11-20 03:09:02","","0","0"
"Sundevils vs Wildcats","#Wildcats","PHX_USA_Sports","#Wildcats have 27 bench points","2015-11-20 02:57:10","","0","0"
"Sundevils vs Wildcats","#Wildcats","PHX_USA_Sports","#Wildcats Allonzo Trier didn't play much until late on the 1st half","2015-11-20 02:51:16","","0","0"
"Sundevils vs Wildcats","#Wildcats","holidayhqteam","#KansasState #NCAA Kansas State University Men's Two Tone Dress Watch https://t.co/MYyBC8hTTd #Wildcats #ESPN","2015-11-20 02:49:26","","0","0"
"Sundevils vs Wildcats","#Wildcats","ncalace112","CONGRATULATIONS SWR DIVISION 4 COUNTY CHAMPS #divisioniv #suffolkcounty #wildcats","2015-11-20 02:39:30","","2","3"
"Sundevils vs Wildcats","#Wildcats","RealRebelBlack","#FAMU #Rattlers #BCC #Wildcats #FLORIDACLASSIC #ClassicWeekend TOMORROW NIGHT!  @clubepicorlando… https://t.co/K0sPkxwVSr","2015-11-20 02:38:37","","1","0"
"Sundevils vs Wildcats","#Wildcats","PHX_USA_Sports","#Wildcats 44 #BoiseState 42 Halftime Gabe York with 15 pts","2015-11-20 02:34:40","","0","0"
